conversation_num,gini_coefficient_num_words,gini_coefficient_num_chars,average_num_words,stdev_num_words,min_num_words,max_num_words,average_num_chars,stdev_num_chars,min_num_chars,max_num_chars,average_num_messages,stdev_num_messages,min_num_messages,max_num_messages,batch_num,round_num,speaker_hash,timestamp,majority_pct,num_votes
0,0.1594626168224299,0.16605520614954578,107.0,33.94849039353591,30,140,536.625,168.10408791876537,183,725,6.5,2.3979157616563596,1,9,0,0,5e7e1e0031f4e454e196c30b,2020-04-20T18:27:20.125Z,1.0,3
1,0.12569549822964088,0.12466281310211946,109.83333333333333,28.457082695799222,76,169,576.6666666666666,151.8559258712752,433,903,7.5,3.685557397915997,3,12,0,2,5e7e4f4c31f4e454e196c9c4,2020-04-20T18:57:21.726Z,0.6,5
2,0.2248847926267281,0.22085961912623076,66.42857142857143,27.338393425767382,18,114,346.14285714285717,141.7567620674116,124,619,6.285714285714286,4.130523512800274,3,16,1,0,5e9de5be9dc0406f8987226c,2020-04-20T18:35:51.231Z,0.6666666666666666,6
3,0.26143187066974594,0.2484549932825795,86.6,42.89801860226181,25,159,446.6,211.71546943952868,122,789,8.4,4.715930449020639,3,17,1,3,5e9de4e29dc0406f89872254,2020-04-20T19:20:30.112Z,0.75,4
4,0.11376701966717097,0.10635155096011817,132.2,28.23756363427978,103,183,677.0,140.12565789319243,543,934,9.6,0.8,9,11,2,2,5e9de67c9dc0406f898722c3,2020-04-20T19:14:17.569Z,1.0,3
5,0.11134020618556702,0.10733471074380166,155.2,31.587339235839416,114,192,774.4,153.03934134724966,580,963,9.6,3.3823069050575527,4,14,2,3,5e9de6b89dc0406f898722c6,2020-04-20T19:29:18.601Z,0.75,4
6,0.2638226213864721,0.26398390342052314,72.71428571428571,39.805650301412825,40,163,355.0,195.99416900947406,211,800,11.428571428571429,3.374574803147919,6,18,3,1,5e9dea789dc0406f89872547,2020-04-20T19:26:24.220Z,1.0,7
7,0.3890577507598784,0.40127515441322975,80.57142857142857,66.3989181126516,32,230,409.7142857142857,347.2836281303035,159,1188,10.0,3.295017884191656,6,15,3,3,5e9de4ec9dc0406f89872255,2020-04-20T19:56:31.598Z,0.8571428571428571,7
8,0.34041950113378683,0.3436785550983082,55.125,34.089725358236606,12,108,273.375,170.18367834489888,59,558,4.875,2.315032397181517,1,8,4,0,5e9f0e1c9dc0406f89874dcd,2020-04-21T16:01:32.350Z,1.0,2
9,0.2701367781155015,0.2781413612565445,82.25,41.39670880637735,37,169,429.75,226.69624500639617,207,923,6.375,3.119995993587171,2,12,4,3,5e9f11d29dc0406f89875089,2020-04-21T16:46:05.519Z,0.875,8
10,0.1957538682979489,0.217910447761194,56.714285714285715,19.72463496467795,31,86,287.14285714285717,111.90611954596912,159,462,5.142857142857143,1.6413036132965795,3,7,5,1,5d482eab21c9be351f763ee2,2020-04-21T15:57:26.188Z,1.0,6
11,0.38036083998816916,0.37676097333799047,69.0,46.40197040151266,6,149,350.57142857142856,233.49570638013708,27,755,6.0,3.2071349029490928,2,11,5,2,5e9f0b9c9dc0406f89874c96,2020-04-21T16:12:27.368Z,0.7142857142857143,7
12,0.19564673505128846,0.2042569257633678,81.57142857142857,29.075552533048114,49,124,432.42857142857144,160.509774640369,263,701,4.571428571428571,1.178030178747903,3,7,6,0,5e9f0ac09dc0406f898749a1,2020-04-21T15:27:16.401Z,0.8333333333333334,6
13,0.18067226890756302,0.17789502164502163,58.285714285714285,18.759487395633677,26,87,301.7142857142857,96.02933225354232,150,460,3.7142857142857144,1.0301575072754257,2,5,6,3,5e9f0ac09dc0406f898749a2,2020-04-21T16:11:48.780Z,1.0,7
14,0.1038961038961039,0.10482418095682927,119.42857142857143,22.429936264205626,92,150,611.7142857142857,117.41101710987564,476,772,9.571428571428571,1.9897697538834456,8,13,7,1,5e543e5ad1db96705ff13ef0,2020-04-21T15:39:36.218Z,0.5714285714285714,7
15,0.20982142857142858,0.20465007412030897,100.57142857142857,39.38765993432513,56,179,523.1428571428571,199.54550399160914,283,916,6.571428571428571,0.7284313590846835,6,8,7,2,5e9deb229dc0406f898725e9,2020-04-21T15:54:41.043Z,1.0,7
16,0.2799755301794454,0.2737331081081081,76.625,39.66401864410614,11,156,370.0,186.80337256056166,55,739,6.125,2.9341736485763756,2,13,8,0,5e9f53cc9dc0406f8987ac5a,2020-04-21T20:41:22.287Z,0.875,8
17,0.18034918276374443,0.17523923444976078,84.125,27.296691649355605,53,129,418.0,129.27103310486848,239,614,8.0,3.7080992435478315,5,16,8,3,5e9f53cc9dc0406f8987ac5a,2020-04-21T21:26:08.689Z,0.625,8
18,0.18250377073906485,0.193446088794926,73.66666666666667,25.315783394730033,38,98,394.1666666666667,146.43475983826002,183,526,4.5,1.707825127659933,2,7,9,1,5e9f48469dc0406f8987976c,2020-04-21T20:24:32.557Z,1.0,6
19,0.2077727952167414,0.20530785562632697,74.33333333333333,27.79488362191063,35,120,392.5,146.77164803417133,179,624,4.166666666666667,1.5723301886761007,2,6,9,2,5d482eaa21c9be351f763c90,2020-04-21T20:39:27.217Z,0.5,6
20,0.21924417046368266,0.21123693379790942,76.14285714285714,29.434812098352285,33,121,374.85714285714283,140.40902349048307,164,595,9.857142857142858,3.2701494692170274,6,15,10,1,5e31d6b2e31c5304c46f140a,2020-04-21T19:59:31.601Z,0.8333333333333334,6
21,0.22416891284815813,0.22654377880184332,90.85714285714286,38.189110532523614,43,153,442.85714285714283,187.2915439868538,194,726,11.428571428571429,3.4166459266003995,7,16,10,3,5e31d6b2e31c5304c46f140a,2020-04-21T20:29:07.992Z,1.0,6
22,0.20108695652173914,0.1996955746955747,80.5,29.68164415931166,42,143,420.875,158.77691700936884,243,773,4.125,1.6153559979150107,2,7,11,0,5e9f40129dc0406f89878121,2020-04-21T19:21:14.802Z,0.6666666666666666,6
23,0.32875457875457875,0.3279277699859748,68.25,42.13594071573578,29,142,356.5,220.93947134905522,142,769,4.125,1.8328597873268975,2,7,11,1,5e9f40129dc0406f89878121,2020-04-21T19:35:48.200Z,0.8333333333333334,6
24,0.21806569343065693,0.2245688493667475,85.625,33.25258448602153,24,130,463.875,185.3364761049481,116,732,5.625,3.119995993587171,1,11,12,0,5e9f12369dc0406f8987514b,2020-04-21T19:06:55.178Z,1.0,7
25,0.2412577934399566,0.26029411764705884,75.28571428571429,33.66097480005289,30,143,388.57142857142856,190.75703105772848,152,786,6.857142857142857,2.6954231805876008,1,10,12,1,5e9f12369dc0406f8987514b,2020-04-21T19:20:56.463Z,1.0,7
26,0.37772397094430993,0.3554585567205959,84.28571428571429,56.77201092518915,0,157,430.14285714285717,275.1682231297941,46,804,8.285714285714286,2.602981022612657,4,11,13,1,5e9de5329dc0406f8987225e,2020-04-21T19:03:57.803Z,1.0,7
27,0.2056155507559395,0.21362068965517242,92.6,36.373616812189574,26,128,464.0,188.3167544325252,127,651,8.8,3.54400902933387,2,12,13,2,5e9f0ade9dc0406f898749a7,2020-04-21T19:19:03.007Z,1.0,5
28,0.2323985680190931,0.23753304494111993,104.75,43.57106264483344,32,177,520.125,223.74563543229172,140,917,5.5,3.1622776601683795,2,13,14,0,5d482eab21c9be351f764242,2020-04-21T18:32:14.898Z,0.7142857142857143,7
29,0.15175909361955875,0.1517040731504572,93.16666666666667,25.379891427838867,53,134,467.8333333333333,126.61676648673175,269,668,5.666666666666667,2.494438257849294,3,10,14,3,5d482eab21c9be351f763ec2,2020-04-21T19:16:45.068Z,1.0,6
30,0.20264811490125673,0.20315752949340735,69.625,26.720486054710907,42,126,360.25,140.61183271688054,212,673,3.375,1.653594569415369,1,6,15,0,5e9f14709dc0406f898754ab,2020-04-21T18:26:03.857Z,0.5,4
31,0.21177944862155387,0.20893141945773525,66.5,26.837473800639284,13,98,348.3333333333333,139.39711458834276,68,488,3.1666666666666665,1.0671873729054748,1,4,15,2,5e9ded209dc0406f898727ad,2020-04-21T18:55:09.668Z,1.0,5
32,0.0899390243902439,0.08518747424804285,109.33333333333333,18.616002673924267,88,146,539.3333333333334,83.10568906853221,433,690,7.5,2.5,4,11,16,1,5d482ea921c9be351f763813,2020-04-22T18:00:07.957Z,0.8,5
33,0.14808558558558557,0.14283434407915735,98.66666666666667,28.85403880838098,74,152,522.1666666666666,141.1800465914201,384,776,7.0,2.23606797749979,4,11,16,2,5e9f36449dc0406f8987761b,2020-04-22T18:15:13.951Z,0.8,5
34,0.27221037668798864,0.27135606548002,104.22222222222223,51.80900345988304,41,213,518.1111111111111,252.49706024446854,189,1012,6.888888888888889,1.4487116456005886,5,10,17,0,5e543be4d1db96705ff13dc6,2020-04-22T17:28:22.418Z,0.875,8
35,0.24563318777292575,0.25341828921461385,114.5,51.61152971962757,62,203,571.375,267.2362894050881,295,1039,7.875,2.8476964374736293,5,14,17,1,5ea076809dc0406f8987dd98,2020-04-22T17:43:13.483Z,0.75,8
36,0.3851851851851852,0.3951028258618139,75.0,52.51666402200353,2,152,375.5,269.477735629495,7,782,5.666666666666667,3.0368111930481,1,11,18,0,5ea0720c9dc0406f8987ce48,2020-04-22T17:01:57.715Z,1.0,5
37,0.18632911392405063,0.196356474643033,79.0,26.72826219566098,38,118,406.2,143.6821492044158,189,610,6.2,2.039607805437114,4,10,18,3,5ea06c089dc0406f8987c3c6,2020-04-22T17:46:35.051Z,1.0,5
38,0.3300027005130975,0.31966053748231965,75.57142857142857,45.91873922751906,0,161,375.14285714285717,217.87311416866245,35,775,6.142857142857143,1.6413036132965795,4,9,19,1,5d482eab21c9be351f763e0a,2020-04-22T17:01:56.368Z,0.6666666666666666,6
39,0.3773496240601504,0.35861024330209224,86.85714285714286,58.864077261405654,1,158,431.14285714285717,281.00555590411307,28,746,7.0,2.138089935299395,3,10,19,2,5d482eaa21c9be351f7639b8,2020-04-22T17:16:44.820Z,0.8,5
40,0.3805473372781065,0.4068670150987224,84.5,58.69199263954155,4,183,430.5,321.38450491584064,15,1013,6.5,3.640054944640259,2,12,20,1,5d482eaa21c9be351f763dc7,2020-04-22T16:43:24.803Z,0.8571428571428571,7
41,0.30734767025089604,0.32475097829953753,69.75,38.290827883450106,25,129,351.375,205.35453336851367,110,737,5.875,3.059309562630104,2,10,20,2,5d482eaa21c9be351f763dc7,2020-04-22T16:58:08.872Z,1.0,8
42,0.2689732142857143,0.2789579995820854,109.71428571428571,52.28415298215344,27,189,586.0,288.55155518555085,133,1007,5.428571428571429,2.8713930346059686,1,9,21,0,5d482eaa21c9be351f763a45,2020-04-22T19:39:47.230Z,0.5,6
43,0.18892114175133043,0.20160238494503446,114.83333333333333,44.77877721520418,59,207,596.3333333333334,246.66554053796992,291,1104,5.666666666666667,2.1343747458109497,3,9,21,2,5d482eaa21c9be351f763a45,2020-04-22T20:09:27.293Z,0.6,5
44,0.20067491563554557,0.19468560905024992,90.71428571428571,35.24896872134513,15,126,465.42857142857144,177.9188074398441,78,659,9.142857142857142,4.257046978786097,2,15,22,1,5ea099d09dc0406f898830a9,2020-04-22T20:04:06.846Z,1.0,6
45,0.18021201413427562,0.16999230571941523,80.85714285714286,25.78719821610589,45,124,397.85714285714283,121.74965951425382,215,593,9.0,4.840306956027833,5,20,22,2,5d482eaa21c9be351f763da6,2020-04-22T20:19:06.764Z,1.0,6
46,0.09792780748663102,0.10984262125902992,93.5,16.20185174601965,67,119,484.5,93.552124508212,342,632,4.25,0.9682458365518543,3,6,23,0,5d482ea721c9be351f762e70,2020-04-22T20:07:53.737Z,1.0,6
47,0.2394303515798843,0.23428398843681236,91.71428571428571,40.13446785749229,41,170,473.0,201.2560558095085,218,854,5.857142857142857,2.0303814862216996,3,9,23,3,5d482ea821c9be351f763382,2020-04-22T20:52:31.933Z,1.0,7
48,0.16219723183391002,0.1657364211929357,72.25,20.69873184521216,36,101,375.125,109.82877298322148,196,519,5.375,2.496873044429772,2,9,24,0,5d482ea721c9be351f762f36,2020-04-22T20:11:04.326Z,1.0,7
49,0.20098784194528876,0.19742750589847016,107.42857142857143,39.30415151775461,52,151,536.2857142857143,191.97746466389097,268,766,7.714285714285714,2.1189138534559038,4,11,24,3,5d482ea721c9be351f762f60,2020-04-22T20:55:29.873Z,0.6666666666666666,6
50,0.28135593220338984,0.29023861171366594,70.8,39.58484558514786,36,146,368.8,214.12463660214348,176,778,4.4,1.7435595774162693,2,7,25,0,5d482ea721c9be351f762efd,2020-04-22T20:12:46.659Z,0.75,4
51,0.2695035460992908,0.2652336448598131,84.6,40.93213896194529,21,132,428.0,202.39466396128134,118,676,5.2,2.1354156504062622,2,8,25,3,5d482ea921c9be351f76365b,2020-04-22T20:56:56.849Z,0.75,4
52,0.22126022126022127,0.22081008974048022,84.85714285714286,34.64278350507638,30,132,420.7142857142857,174.332780530074,138,658,6.285714285714286,2.602981022612657,3,12,26,0,5d482ea721c9be351f762ef8,2020-04-22T20:15:59.990Z,1.0,3
53,0.2141732283464567,0.23276231263383299,76.2,31.095980447639853,27,125,373.6,163.62102554378518,125,637,4.8,1.6,2,7,26,2,5d482ea721c9be351f762ef8,2020-04-22T20:45:51.327Z,0.6666666666666666,3
54,0.20233669676048857,0.20024772914946326,76.85714285714286,29.283972073613292,47,121,395.42857142857144,147.4166661859769,229,609,5.857142857142857,2.4743582965269675,3,11,27,1,5e9f366c9dc0406f8987761f,2020-04-22T20:57:36.748Z,1.0,6
55,0.2824858757062147,0.28314317853125504,50.57142857142857,25.319992907114457,16,87,254.0,129.07251560930501,73,422,3.4285714285714284,1.9897697538834456,1,7,27,3,5e9f366c9dc0406f8987761f,2020-04-22T21:27:34.636Z,1.0,2
56,0.3219412166780588,0.312681183846828,59.714285714285715,34.191537322703056,12,111,302.7142857142857,167.66438780723684,69,578,5.571428571428571,3.331972511340172,1,11,28,2,5ea0ca2c9dc0406f89889629,2020-04-22T23:48:22.688Z,1.0,7
57,0.31398283695103485,0.3127016720445879,80.85714285714286,46.054094191903665,18,160,417.42857142857144,234.57186358059545,88,820,5.142857142857143,3.562846832382836,1,11,28,3,5ea0ca2c9dc0406f89889629,2020-04-23T00:03:01.214Z,0.8333333333333334,6
58,0.23795180722891565,0.22903638430926662,83.0,35.80153627988609,10,131,439.75,186.1241185338429,46,703,6.125,2.368411915187052,1,10,29,0,5d482eab21c9be351f763e96,2020-04-22T23:09:00.523Z,1.0,4
59,0.13846673421141506,0.15391621129326047,60.42857142857143,14.859889855938109,38,85,313.7142857142857,85.0574835637881,169,438,6.714285714285714,1.8294640678379568,4,10,29,1,5d482ea721c9be351f762f75,2020-04-22T23:23:09.264Z,1.0,4
60,0.2605820105820106,0.26493333333333335,94.5,43.477005416656745,36,168,468.75,220.68175615578193,189,844,6.125,1.7633419974582356,4,10,30,0,5d482eab21c9be351f764111,2020-04-22T22:57:33.595Z,0.75,8
61,0.23505830903790087,0.23602484472049687,112.0,47.91957548106738,32,162,578.2857142857143,250.33047544950557,156,821,5.428571428571429,2.3819045715047236,2,9,30,2,5ea0a7869dc0406f89885172,2020-04-22T23:27:17.203Z,0.7142857142857143,7
62,0.311787072243346,0.3246721108636476,87.66666666666667,49.922161634110175,15,144,449.0,265.5327977231187,79,756,7.333333333333333,2.6246692913372702,3,10,31,1,5ea0cefa9dc0406f89889adc,2020-04-23T00:00:13.262Z,0.6666666666666666,6
63,0.21768172888015716,0.21697841726618705,101.8,40.88716179927387,55,173,556.0,225.53048574416718,302,953,9.2,3.762977544445356,5,16,31,3,5e9f3b1c9dc0406f89877985,2020-04-23T00:29:40.517Z,0.6,5
64,0.2576754385964912,0.26535498646679156,101.33333333333333,48.175604707039106,25,174,533.6666666666666,260.93017371617935,130,930,8.166666666666666,2.733536577809454,4,13,32,1,5d482ea821c9be351f763550,2020-04-23T00:16:14.410Z,0.6,5
65,0.20803949224259521,0.20963866555771185,118.16666666666667,45.728972095258044,69,205,601.1666666666666,232.34558791210608,341,1039,9.0,2.516611478423583,6,13,32,3,5d482ea921c9be351f7636b3,2020-04-23T00:45:59.771Z,1.0,5
66,0.1459166862791245,0.14748699346093266,86.71428571428571,22.511674975533953,48,119,427.57142857142856,114.02863943871687,212,582,7.142857142857143,2.099562636671296,4,11,33,1,5d482eaa21c9be351f763bbc,2020-04-23T00:21:00.975Z,1.0,5
67,0.1715151515151515,0.18559059987631416,91.66666666666667,30.230595245361755,32,122,449.1666666666667,156.55820713786366,153,647,7.833333333333333,1.950783318453271,5,10,33,2,5de2adbcb50e5a679ae8695b,2020-04-23T00:35:53.304Z,0.6,5
68,0.1347305389221557,0.13535394085374014,83.5,20.279299790673246,50,116,415.1666666666667,103.41730459110259,247,562,3.8333333333333335,2.034425935955617,2,8,34,0,5d482ea921c9be351f763785,2020-04-23T00:25:18.342Z,0.6,5
69,0.2146417445482866,0.21550802139037434,89.16666666666667,39.15957382585034,55,172,467.5,205.39291613879968,310,897,5.5,2.217355782608345,2,9,34,1,5d482ea821c9be351f763456,2020-04-23T00:40:22.206Z,1.0,6
70,0.1460446247464503,0.14215563878485227,98.6,26.785070468453128,51,129,480.6,127.60971749831593,256,622,6.2,0.7483314773547882,5,7,35,1,5d482eaa21c9be351f763a5f,2020-04-23T14:48:46.148Z,1.0,5
71,0.1685009487666034,0.17526336324619587,105.4,32.09735191569548,70,152,512.6,163.11296698913915,337,757,6.4,2.0591260281974,4,10,35,2,5d482eaa21c9be351f763a5f,2020-04-23T15:03:44.785Z,0.8,5
72,0.19672131147540986,0.20191226096737908,69.71428571428571,24.955470546637297,37,117,362.85714285714283,131.6157052845557,177,605,5.0,1.8516401995451028,3,9,36,0,5d482eaa21c9be351f763da2,2020-04-23T14:45:35.763Z,1.0,6
73,0.2956204379562044,0.2783318223028105,68.5,38.89622946593496,30,136,367.6666666666667,200.47582287037895,182,727,4.5,3.095695936834452,2,11,36,3,5d482ea721c9be351f762fb3,2020-04-23T15:30:13.829Z,1.0,1
74,0.14644351464435146,0.13494753833736883,95.6,26.363611285254528,49,127,495.6,123.8428035858362,284,645,7.2,1.16619037896906,6,9,37,1,5ea1a6e0de5d74641b66d1d6,2020-04-23T15:22:55.310Z,0.5,4
75,0.12935323383084577,0.1315973960941412,80.4,18.83188785013335,50,106,399.4,96.7648696583631,234,527,7.6,1.0198039027185568,6,9,37,2,5ea1a6e0de5d74641b66d1d6,2020-04-23T15:37:36.291Z,1.0,5
76,0.23663932388764602,0.24101479915433405,99.33333333333333,41.968241961432376,30,176,525.5555555555555,225.57635372091795,148,934,5.444444444444445,1.7708197167232476,3,9,38,0,5e9f0aa29dc0406f8987499b,2020-04-23T16:22:00.960Z,0.7142857142857143,7
77,0.1909640136590491,0.1940398834864441,94.0,32.526911934581186,35,134,495.8888888888889,174.6122335312318,171,751,5.777777777777778,2.3934065809486684,2,10,38,3,5d482eaa21c9be351f763a08,2020-04-23T17:06:40.391Z,0.875,8
78,0.20524412296564196,0.20930541413962547,90.28571428571429,36.38568904592764,47,170,461.0,186.8337687433863,250,868,8.285714285714286,2.6572964625340396,6,14,39,2,5ea1bd4cde5d74641b6704e8,2020-04-23T17:32:37.670Z,0.7142857142857143,7
79,0.3293299620733249,0.33736017897091725,64.57142857142857,38.44051858895448,11,114,319.2857142857143,197.8438881583979,52,570,6.714285714285714,2.762725657973388,3,11,39,3,5d482ea721c9be351f762f2e,2020-04-23T17:47:34.945Z,1.0,5
80,0.11260842627013631,0.10857058125741399,100.875,20.459945625538694,74,134,526.875,103.0514889509123,398,702,3.375,0.8569568250501305,2,5,40,0,5ea1bc66de5d74641b6704c6,2020-04-23T17:57:32.471Z,0.8333333333333334,6
81,0.18498209489704565,0.18085664335664337,139.625,46.459491764331645,63,206,715.0,231.23905379498507,316,1059,7.875,3.9823830805184977,2,16,40,1,5ea097789dc0406f8988302a,2020-04-23T18:11:33.804Z,0.5,6
82,0.0988056460369164,0.11327921740035383,102.33333333333333,17.996913315590785,77,125,533.8333333333334,107.78437837749135,382,674,5.666666666666667,1.3743685418725535,3,7,41,0,5d482ea621c9be351f762a2a,2020-04-23T18:14:21.203Z,0.6666666666666666,6
83,0.12423124231242312,0.11633461493650239,90.33333333333333,20.466775244011668,64,119,476.8333333333333,100.5839892273561,345,620,6.5,1.707825127659933,4,9,41,2,5e821b4050f6e364321d5499,2020-04-23T18:44:12.935Z,1.0,6
84,0.2907268170426065,0.27797564085652726,89.57142857142857,48.9105806340426,27,182,464.14285714285717,241.0455964995767,155,919,6.0,3.3380918415851206,1,11,42,0,5d482ea821c9be351f7631f3,2020-04-23T18:20:13.826Z,0.6,5
85,0.30952380952380953,0.30103986135181976,95.66666666666667,59.737388255225525,38,221,480.8333333333333,297.6275170223494,202,1112,9.0,4.654746681256314,5,16,42,2,5d482ea621c9be351f762aa4,2020-04-23T18:49:40.232Z,0.8333333333333334,6
86,0.11547619047619048,0.11898577612863329,67.2,14.675149062275313,49,83,323.4,73.11525148695038,223,398,4.2,1.469693845669907,2,6,43,0,5ea1d700de5d74641b671ed0,2020-04-23T18:25:54.457Z,0.8333333333333334,6
87,0.18130311614730882,0.19456398640996603,70.6,23.660938273872404,42,97,353.2,124.02161102001537,189,502,4.4,1.7435595774162693,2,7,43,2,5d482ea621c9be351f76281b,2020-04-23T18:54:38.101Z,1.0,5
88,0.1871345029239766,0.20402101896275987,95.0,33.30665599145812,62,156,486.3333333333333,187.95537295385364,303,850,5.333333333333333,1.1055415967851332,4,7,44,1,5d482ea621c9be351f7629ad,2020-04-23T18:41:25.598Z,0.8333333333333334,6
89,0.1244568590937306,0.13761693746922699,89.5,20.70225430559033,68,129,451.3333333333333,110.67620440827477,310,634,4.833333333333333,0.8975274678557507,4,6,44,3,5d482ea621c9be351f7629ad,2020-04-23T19:11:09.149Z,0.6666666666666666,6
90,0.24716288384512683,0.2504261736165749,93.625,42.12166158878351,14,158,476.625,215.75503325531017,76,801,5.125,2.666341125962693,1,10,45,0,5d482ea621c9be351f7627ba,2020-04-23T18:33:27.462Z,0.5,6
91,0.18175853018372704,0.17607458912768648,95.25,31.91296758372684,59,154,494.375,163.29110317160578,313,811,6.75,2.277608394786075,3,11,45,1,5d482ea621c9be351f762a28,2020-04-23T18:47:43.644Z,0.5714285714285714,7
92,0.19246575342465752,0.18045822102425876,91.25,33.82953591168522,35,132,463.75,168.02287790655177,178,634,6.75,2.331844763272204,4,11,46,0,5d482ea621c9be351f762976,2020-04-23T18:38:13.755Z,0.625,8
93,0.1866343490304709,0.18205882352941177,90.25,30.223128560756248,42,133,478.125,155.9755088948262,236,704,7.375,2.341874249399399,3,11,46,2,5d482ea621c9be351f76273d,2020-04-23T19:07:56.065Z,0.625,8
94,0.22628726287262874,0.22868217054263565,82.0,33.406586176980134,35,137,415.6666666666667,171.89887207955212,157,705,3.8333333333333335,1.5723301886761007,1,6,47,1,5ea12e4ade5d74641b66be98,2020-04-23T18:57:25.559Z,1.0,5
95,0.2957393483709273,0.2909666423179937,88.66666666666667,46.4781908234628,14,155,456.3333333333333,238.10478552286364,58,819,4.666666666666667,2.211083193570267,1,8,47,3,5ea12e4ade5d74641b66be98,2020-04-23T19:27:06.505Z,0.8,5
96,0.2871217452498241,0.29164453885643477,87.0,43.94802124588286,23,158,461.14285714285717,237.33004660263344,118,857,4.285714285714286,1.8294640678379568,2,7,48,0,5ea1d246de5d74641b67178a,2020-04-27T15:57:10.998Z,1.0,5
97,0.223292836196062,0.20920670751370526,97.42857142857143,38.492511861240686,38,158,506.2857142857143,187.61412853111514,216,802,4.285714285714286,1.385051387833237,2,6,48,1,5ea6f884002f966295b20062,2020-04-27T16:11:57.959Z,1.0,6
98,0.2509992006394884,0.25158896931019276,92.66666666666667,40.85747585611883,26,151,475.8888888888889,211.14683908200234,131,753,7.222222222222222,2.249828525701843,4,12,49,2,5ea6f7b2002f966295b2001f,2020-04-27T16:11:30.341Z,1.0,9
99,0.34165442976015664,0.3455787574117041,75.66666666666667,47.853944456021594,16,160,383.1111111111111,247.90161329959756,77,829,7.888888888888889,3.5728744868474505,2,15,49,3,5ea6f550002f966295b1fffd,2020-04-27T16:26:30.903Z,1.0,9
100,0.2596491228070175,0.2598202824133504,91.2,44.06540593254532,42,166,467.4,222.9920177943596,211,827,4.0,1.6733200530681511,2,6,50,2,5d482ea621c9be351f762a16,2020-04-27T19:27:48.805Z,1.0,5
101,0.0903225806451613,0.08077634011090573,80.6,13.27554142022087,66,103,432.8,62.37435370406654,353,527,4.4,1.3564659966250536,2,6,50,3,5d482ea621c9be351f762a16,2020-04-27T19:42:38.985Z,1.0,5
102,0.265863453815261,0.26454781557766976,92.22222222222223,43.350708767184926,32,153,480.1111111111111,224.32736220108941,164,780,4.777777777777778,2.8196838978776713,2,12,51,0,5d482eab21c9be351f763df5,2020-04-27T19:09:57.566Z,0.5714285714285714,7
103,0.2225836431226766,0.2147265246853824,100.875,43.836165149337596,50,198,516.5,219.9124825925077,270,1018,6.25,2.436698586202241,3,11,51,3,5d482eab21c9be351f763df5,2020-04-27T19:54:25.945Z,1.0,7
104,0.15932203389830507,0.1639169254658385,84.28571428571429,25.616480664459996,30,109,420.57142857142856,131.99659859563172,139,583,5.142857142857143,1.7261494247992246,3,9,52,0,5ea724e43ecdad55471ffdce,2020-04-27T19:14:51.638Z,0.6666666666666666,6
105,0.15051353874883286,0.1506904215396947,109.28571428571429,34.594443342885015,31,136,560.1428571428571,173.10725706618885,171,709,5.857142857142857,1.9587584572574412,2,9,52,2,5ea724e43ecdad55471ffdce,2020-04-27T19:44:36.216Z,0.6666666666666666,6
106,0.2563587684069612,0.2560824996912437,83.0,39.02990306589722,40,148,449.8333333333333,211.0382403473098,220,785,5.0,1.7320508075688772,2,7,53,1,5d482ea521c9be351f7625fa,2020-04-27T19:45:18.854Z,1.0,5
107,0.2721003134796238,0.29403341288782814,63.8,35.24996453898926,24,130,335.2,191.5968684504003,107,687,4.4,2.870540018881465,2,10,53,3,5ea634947c882f6974ff30ff,2020-04-27T20:15:29.815Z,1.0,4
108,0.32378706199460916,0.3381254912234739,92.75,56.63865729340695,25,213,477.125,305.5038614731408,126,1142,9.5,2.5,6,14,54,0,5ea71f623ecdad55471ff9b1,2020-04-27T18:39:23.300Z,1.0,4
109,0.24054621848739496,0.24850592565080865,116.57142857142857,52.27634576489267,54,225,604.4285714285714,276.8469701802048,257,1166,9.0,2.878491668515698,5,14,54,2,5ea6f910002f966295b2006a,2020-04-27T19:08:47.956Z,0.8333333333333334,6
110,0.2213712618526623,0.21445480100606598,76.16666666666667,30.52002985290516,43,130,375.5,147.9107275802987,215,647,6.166666666666667,3.9334745737353156,1,14,55,0,5ea6f500002f966295b1fff8,2020-04-27T18:32:45.895Z,0.8333333333333334,6
111,0.185,0.17895400126023947,64.0,21.872356983187704,26,87,317.4,106.64633139494298,126,425,6.0,3.286335345030997,3,12,55,3,5ea1e538de5d74641b67621a,2020-04-27T19:17:44.548Z,0.8,5
112,0.3724778046811945,0.3643499466544734,68.83333333333333,51.060149714712836,23,171,364.5,267.8611269544973,132,912,5.5,4.7871355387816905,1,14,56,0,5ea63ba67c882f6974ff320d,2020-04-27T18:51:03.489Z,1.0,3
113,0.276536312849162,0.2826167876419133,59.666666666666664,30.1643645530432,11,111,298.5,151.9119810943166,45,540,4.833333333333333,2.7938424357067015,3,11,56,1,5d482ea721c9be351f762d4f,2020-04-27T19:05:42.337Z,0.8,5
114,0.2092333756882677,0.211612424073632,87.44444444444444,33.48668428930159,23,130,465.44444444444446,179.75731239096976,138,726,5.222222222222222,2.1487866228681907,1,9,57,0,5d482eaa21c9be351f763c82,2020-04-27T18:43:46.275Z,0.7142857142857143,7
115,0.1833607006020799,0.18500601499910416,90.22222222222223,29.40437525183314,53,146,482.3333333333333,161.07831083737568,281,807,6.222222222222222,1.8121673811444545,4,10,57,3,5d482ea921c9be351f7635e8,2020-04-27T19:28:04.956Z,0.75,8
116,0.14098360655737704,0.12649045654440766,87.14285714285714,23.60041507763655,40,125,450.14285714285717,116.52765284494072,200,622,5.428571428571429,1.2936264483053452,4,8,58,0,5ea6fc58002f966295b20107,2020-04-27T20:26:55.656Z,0.8571428571428571,7
117,0.18518518518518517,0.20597273658498147,100.28571428571429,34.09530460222298,59,166,518.0,191.79751227345395,277,856,8.571428571428571,2.1285234893930487,5,11,58,3,5d482ea821c9be351f7631ba,2020-04-27T21:11:28.975Z,0.7142857142857143,7
118,0.17497536945812808,0.18840634584074817,103.57142857142857,34.72692303780266,71,174,539.0,192.81745623405425,360,929,5.142857142857143,2.0995626366712954,3,10,59,0,5ea798e821028d2296a4ab67,2020-04-28T03:48:04.892Z,1.0,7
119,0.21829105473965288,0.21627618612543237,122.28571428571429,50.326687852511036,65,205,625.4285714285714,256.8461780593075,333,1022,7.142857142857143,2.356060357495806,4,11,59,1,5ea798e821028d2296a4ab67,2020-04-28T04:02:43.089Z,0.8571428571428571,7
120,0.1836734693877551,0.17318982387475534,104.0,34.53776401067595,60,156,542.2857142857143,172.52470985399188,334,793,5.428571428571429,1.6781914463529615,3,8,60,0,5d482ea421c9be351f762215,2020-04-28T03:22:11.442Z,0.8,5
121,0.2597809076682316,0.25855711248969676,91.28571428571429,43.62081510247237,36,158,470.42857142857144,221.72689581223702,184,824,6.0,2.6726124191242437,3,12,60,2,5ea76260fd339b022f9cebd6,2020-04-28T03:51:28.183Z,1.0,7
122,0.2368543508608655,0.23075511514817873,87.71428571428571,38.68079732415883,15,151,444.85714285714283,195.64649503737135,75,773,5.571428571428571,2.6649654437396615,1,9,61,0,5ea6330e7c882f6974ff30f2,2020-04-28T03:07:32.799Z,1.0,5
123,0.13652173913043478,0.13293781586464512,95.83333333333333,23.60378971455408,67,134,505.6666666666667,121.53143169110159,370,673,6.0,2.0,4,10,61,1,5d482ea321c9be351f76216e,2020-04-28T03:22:02.939Z,0.6666666666666666,3
124,0.19093610698365526,0.19897535308778733,112.16666666666667,38.281486677272895,67,174,601.8333333333334,213.84528415552109,352,918,6.333333333333333,3.4960294939005054,4,14,62,0,5ea6382c7c882f6974ff31e4,2020-04-28T02:47:38.859Z,0.8,5
125,0.08841732979664015,0.09836199836199837,125.66666666666667,20.52369903848286,88,149,678.3333333333334,120.2368033876853,483,818,8.833333333333334,2.6718699236468995,4,13,62,1,5ea6382c7c882f6974ff31e4,2020-04-28T03:02:20.580Z,0.75,4
126,0.15427909286541963,0.1507421150278293,123.28571428571429,34.84543128779802,86,179,616.0,168.707693109371,434,893,7.857142857142857,2.4743582965269675,4,11,63,0,5d482ea521c9be351f76242c,2020-04-28T02:39:59.361Z,0.7142857142857143,7
127,0.11958699337340116,0.10709580274797666,132.42857142857142,29.625554330472113,104,190,650.5714285714286,131.39021179335253,512,914,9.428571428571429,3.155817433482074,5,13,63,1,5ea78bbe21028d2296a48d8c,2020-04-28T02:54:48.308Z,1.0,7
128,0.2303689687795648,0.25413835996555356,86.28571428571429,43.420581971865715,49,188,426.57142857142856,243.8980215130069,224,1005,5.857142857142857,3.562846832382836,1,13,64,1,5d482ea521c9be351f762725,2020-04-28T02:50:14.448Z,0.75,4
129,0.22607752778530765,0.23888977170400974,75.28571428571429,32.11459074588232,33,142,385.2857142857143,176.31847345537182,169,763,6.0,3.295017884191656,1,12,64,3,5d482ea721c9be351f76300a,2020-04-28T03:20:06.386Z,0.6,5
130,0.23601895734597156,0.23473161930536762,84.4,36.598360619022266,36,126,443.4,189.94272821037399,178,660,3.8,1.6,2,6,65,1,5d482ea621c9be351f762852,2020-04-28T02:45:57.779Z,0.6,5
131,0.23071672354948805,0.23120759837177748,58.6,24.727312834192073,31,90,294.8,126.59605049131666,151,437,3.6,2.0591260281974,2,7,65,3,5ea731503ecdad5547201baf,2020-04-28T03:15:33.110Z,1.0,4
132,0.2250351617440225,0.23788487282463186,79.0,32.212833881337836,25,129,415.0,179.4259364380375,137,723,5.5,2.362907813126304,1,8,66,2,5d482ea821c9be351f763229,2020-04-28T02:55:10.057Z,1.0,6
133,0.23015873015873015,0.22393364928909953,80.5,33.44024521441193,39,126,422.0,170.66243484336752,208,628,5.333333333333333,2.4267032964268394,2,8,66,3,5d482ea821c9be351f7630b3,2020-04-28T03:09:53.847Z,0.6,5
134,0.2647306397306397,0.2642857142857143,111.375,59.160665775496476,60,251,560.0,300.1632888945615,293,1278,9.625,4.442338910979215,6,19,67,0,5ea73b643ecdad5547203840,2020-04-28T02:16:56.205Z,0.5,6
135,0.1489607390300231,0.13906285584149397,108.25,28.682529525828087,70,162,548.875,135.45334759613732,372,791,10.625,4.608077147791691,7,21,67,1,5ea788e421028d2296a48cb8,2020-04-28T02:31:49.658Z,0.8333333333333334,6
136,0.2549261083743842,0.2413509060955519,66.28571428571429,31.340135316119056,31,123,346.85714285714283,152.83738190024863,172,635,4.428571428571429,1.5907898179514348,2,7,68,0,5d482ea921c9be351f763891,2020-04-28T02:07:45.531Z,1.0,4
137,0.17648641377454938,0.1838074398249453,75.85714285714286,25.452637087222957,33,102,391.7142857142857,135.91774223059042,157,529,5.857142857142857,1.8070158058105026,3,9,68,1,5d482ea921c9be351f763891,2020-04-28T02:22:51.040Z,0.75,4
138,0.1727661155489504,0.17782463538921106,109.85714285714286,34.33211146362863,70,172,580.7142857142857,189.17392925613214,371,945,7.428571428571429,3.288818409491811,2,13,69,0,5ea6fc76002f966295b2010a,2020-04-28T01:47:25.223Z,1.0,7
139,0.18875739644970413,0.1895251289155699,140.83333333333334,51.75395851741413,87,242,721.8333333333334,260.46715510576166,454,1223,9.333333333333334,4.0276819911981905,5,17,69,1,5d482eab21c9be351f764173,2020-04-28T02:02:05.265Z,1.0,6
140,0.21997157071783938,0.2121842908687205,78.16666666666667,31.730199425083285,45,120,400.3333333333333,155.3487116851061,240,622,5.166666666666667,1.7716909687891083,2,7,70,0,5d482ea821c9be351f763134,2020-04-28T20:15:02.351Z,1.0,4
141,0.23592233009708738,0.2521243977222952,82.4,35.69089519751501,32,141,456.6,213.42783323643616,145,806,5.2,1.7204650534085253,2,7,70,2,5d482ea821c9be351f7632bd,2020-04-28T20:44:15.903Z,0.75,4
142,0.24493106244931062,0.236452295519367,76.11111111111111,33.15433420449293,32,138,402.55555555555554,169.94516181607335,188,722,6.222222222222222,3.4246744460938756,2,14,71,0,5ea8823a7d50722703c539e8,2020-04-28T19:59:53.731Z,0.5,8
143,0.26328502415458943,0.27744666148397684,81.77777777777777,38.377591198156765,25,140,428.77777777777777,211.8703889843861,133,751,6.111111111111111,2.8846122190549264,3,13,71,3,5ea8823a7d50722703c539e8,2020-04-28T20:44:41.403Z,1.0,8
144,0.29823232323232324,0.2718640436306973,61.875,35.27547838088096,8,138,320.875,166.79361311213327,50,674,2.25,1.1989578808281798,1,5,72,0,5ea7a4e621028d2296a4dba0,2020-04-28T19:34:55.455Z,0.8571428571428571,7
145,0.2767527675276753,0.26391816172312754,77.42857142857143,39.93872858287212,33,143,397.0,201.2255308993227,175,721,4.714285714285714,2.312344865176949,2,8,72,3,5d482ea621c9be351f7627d8,2020-04-28T20:19:14.482Z,1.0,8
146,0.2649350649350649,0.27920133111480866,46.2,22.19369279772972,21,76,240.4,121.6858249756314,106,409,2.6,0.8,2,4,73,0,5d482ea421c9be351f76239d,2020-04-28T19:10:54.471Z,1.0,3
147,0.2366101694915254,0.236986301369863,118.0,53.001886758869254,50,212,584.0,262.7660556464628,246,1051,7.4,1.3564659966250536,5,9,73,1,5d482ea821c9be351f7633ec,2020-04-28T19:24:33.538Z,0.5,2
148,0.15917051982625754,0.1458315959191616,88.11111111111111,25.03528374312473,56,126,444.1111111111111,114.45760442136006,288,639,9.0,3.0912061651652345,5,15,74,1,5d482ea621c9be351f7629ec,2020-04-28T18:51:41.663Z,0.8333333333333334,6
149,0.3141304347826087,0.32104086845466157,57.5,36.40741682679506,11,143,293.625,191.42487919546926,50,745,6.75,1.984313483298443,4,11,74,3,5ea86c327d50722703c5064e,2020-04-28T19:21:39.608Z,1.0,6
150,0.2073490813648294,0.20513463789931427,127.0,47.44119166575252,60,211,664.3333333333334,246.810093436679,316,1107,7.166666666666667,2.6718699236468995,3,11,75,2,5e821b0450f6e364321d5460,2020-04-28T18:26:25.695Z,1.0,5
151,0.2540650406504065,0.24995180258338154,109.33333333333333,52.480684277381734,17,195,576.3333333333334,271.20820210474625,95,1010,6.666666666666667,3.39934634239519,1,11,75,3,5d482ea621c9be351f762987,2020-04-28T18:41:08.920Z,0.6,5
152,0.2739541160593792,0.26221962919745884,82.33333333333333,42.76551050658566,41,165,428.5,215.9087384367139,233,852,2.8333333333333335,1.2133516482134197,1,5,76,0,5d482ea521c9be351f762435,2020-04-28T17:40:45.736Z,1.0,3
153,0.17612293144208038,0.17964388109250037,70.5,25.434556545508446,17,93,368.1666666666667,134.1521731302015,86,484,5.666666666666667,2.8087165910587863,2,9,76,3,5d482ea721c9be351f762bdf,2020-04-28T18:25:02.146Z,1.0,4
154,0.20112994350282487,0.2226190476190476,106.2,45.74887976770579,72,196,537.6,252.9913832524736,347,1032,8.4,1.624807680927192,6,10,77,1,5d482ea621c9be351f7627ca,2020-04-28T17:44:57.025Z,0.75,4
155,0.47619047619047616,0.4930427493713328,88.2,81.79339826660828,19,216,477.2,457.9517005099992,83,1192,6.4,2.727636339397171,3,10,77,2,5d482ea921c9be351f7636f9,2020-04-28T18:00:02.950Z,1.0,4
156,0.31062464615965274,0.3151669758812616,108.14285714285714,61.18690002520048,32,203,528.0,302.84791091050494,162,1000,6.142857142857143,2.5872528966106905,2,11,78,1,5d482ea521c9be351f76251c,2020-04-28T17:40:32.903Z,1.0,6
157,0.2743764172335601,0.27044165587460367,90.0,44.04867437603218,36,150,457.0,221.17736903089468,167,727,5.857142857142857,2.0303814862216996,3,10,78,2,5d482ea621c9be351f762a0f,2020-04-28T17:55:34.975Z,1.0,6
158,0.4354693140794224,0.4288824383164006,69.25,54.32943493172002,0,172,344.5,269.77536952064395,29,885,4.875,2.6190408549696205,1,10,79,2,5d482ea721c9be351f763076,2020-04-28T17:45:40.145Z,0.875,8
159,0.2745967741935484,0.2711463096015676,77.5,39.009614199579055,3,134,382.75,190.653317568827,18,682,6.5,2.5,3,12,79,3,5ea85e047d50722703c4d435,2020-04-28T18:00:21.784Z,0.75,8
160,0.27901578458681525,0.2982840452719971,59.833333333333336,31.646045917653318,11,118,304.3333333333333,170.79780118282812,51,621,6.333333333333333,2.4267032964268394,2,9,80,1,5d482ea821c9be351f763333,2020-04-28T17:25:01.932Z,1.0,5
161,0.30446194225721784,0.311356783919598,76.2,43.5724683716679,29,153,398.0,232.01034459695973,145,801,6.0,3.03315017762062,2,11,80,3,5d482ea821c9be351f763333,2020-04-28T17:54:58.040Z,0.8,5
162,0.23198198198198197,0.23002577319587628,83.25,35.24113363670357,45,148,436.5,184.0523023490877,229,797,5.625,2.2325713874364688,2,10,81,0,5ea854c27d50722703c4cc0c,2020-04-28T17:05:28.204Z,0.5,6
163,0.18850806451612903,0.20021213679609154,93.0,32.2490309931942,54,139,486.125,178.06279615629987,276,767,4.875,2.2603926650031405,2,9,81,2,5ea854c27d50722703c4cc0c,2020-04-28T17:34:50.915Z,0.7142857142857143,7
164,0.11666666666666667,0.13629151082398278,93.33333333333333,21.10818693198342,74,131,490.1666666666667,123.6290374017726,370,695,6.666666666666667,2.494438257849294,5,12,82,0,5ea854c27d50722703c4cc0d,2020-04-28T16:39:52.955Z,1.0,6
165,0.15314285714285714,0.16534254461715603,70.0,19.483326204732087,46,94,347.4,104.38314040112033,225,484,5.4,2.4166091947189146,3,10,82,3,5ea854c27d50722703c4cc0d,2020-04-28T17:24:37.090Z,1.0,5
166,0.25527192008879024,0.25255102040816324,128.71428571428572,60.149134385682885,61,241,672.0,317.73528964487764,330,1278,6.142857142857143,3.522522287410844,3,14,83,1,5d482eab21c9be351f7641e1,2020-04-28T16:45:09.423Z,1.0,6
167,0.3915574963609898,0.3984624310995068,76.33333333333333,54.24839987399526,12,172,383.0,276.58211559438666,49,866,5.333333333333333,2.6874192494328497,2,9,83,3,5ea734163ecdad5547202554,2020-04-28T17:15:26.408Z,1.0,4
168,0.1817023986414774,0.1792763811112435,96.14285714285714,31.416231343634053,58,154,513.8571428571429,169.05994589530204,327,843,6.285714285714286,1.8294640678379568,3,8,84,1,5ea1d1a6de5d74641b671766,2020-04-28T23:09:37.723Z,0.5,6
169,0.1795275590551181,0.19136653455109426,90.71428571428571,29.778776170354647,35,124,473.7142857142857,163.0466316169477,178,678,5.142857142857143,1.8844151368961315,2,9,84,2,5ea7893e21028d2296a48cbe,2020-04-28T23:24:56.858Z,1.0,7
170,0.13495732574679944,0.15169235002751788,87.875,23.634918552853108,59,143,454.25,134.57223896480284,282,762,8.375,3.1598061649411346,5,16,85,2,5d482ea821c9be351f763240,2020-04-28T23:30:54.791Z,0.6666666666666666,6
171,0.4009009009009009,0.40401865805525655,61.666666666666664,49.728149863924045,15,166,309.6666666666667,247.22234706613577,69,822,4.666666666666667,3.0368111930480994,1,11,85,3,5d482ea721c9be351f762c0a,2020-04-28T23:46:25.887Z,1.0,6
172,0.16415568110483364,0.17720588235294119,88.5,25.96632434519757,47,122,453.3333333333333,144.06094389374087,227,616,4.166666666666667,1.7716909687891083,2,7,86,1,5d482ea421c9be351f762258,2020-04-29T00:16:02.785Z,0.6,5
173,0.16719077568134172,0.17220133667502088,106.0,31.86952567370068,65,151,532.0,163.8210405696818,323,797,5.5,1.8929694486000912,2,7,86,3,5d482ea321c9be351f762150,2020-04-29T00:45:42.941Z,0.5,6
174,0.21245136186770427,0.2246210720887246,102.8,39.625244478741074,56,159,541.0,222.4958426577899,266,861,6.4,1.624807680927192,4,8,87,2,5d482ea321c9be351f7620a0,2020-04-29T00:33:00.259Z,0.5,4
175,0.2564102564102564,0.2698968147151189,85.8,40.651691231731064,22,125,445.8,221.37606013297824,109,683,6.6,2.5768197453450257,2,10,87,3,5d482ea321c9be351f762055,2020-04-29T00:47:52.884Z,1.0,5
176,0.2902777777777778,0.28863791923340176,80.0,41.75324338699131,7,130,405.8333333333333,209.96302584555744,37,681,3.6666666666666665,1.5986105077709065,1,6,88,0,5d482ea321c9be351f7620b3,2020-04-29T00:08:52.323Z,1.0,4
177,0.10666666666666667,0.11030679076180626,114.0,22.40535650240808,76,144,580.2,118.28169765437086,376,736,8.6,2.65329983228432,5,13,88,1,5d482ea321c9be351f761f92,2020-04-29T00:23:36.012Z,1.0,4
178,0.3227118644067797,0.31000654022236757,59.0,34.187717092546556,16,115,305.8,168.25861047803764,83,562,3.4,1.3564659966250536,2,5,89,0,5ea8b7c87d50722703c5605d,2020-04-29T00:50:22.019Z,0.6,5
179,0.21911764705882353,0.22466898954703832,54.4,22.08710030764564,17,85,287.0,121.33424908079334,81,457,4.0,1.4142135623730951,2,6,89,1,5ea8b7c87d50722703c5605d,2020-04-29T01:05:17.641Z,0.75,4
180,0.18552875695732837,0.1837129054520359,55.0,18.400310556385417,23,79,295.7142857142857,96.70236263285149,129,431,3.0,1.1952286093343936,2,5,90,0,5d482ea221c9be351f761ec9,2020-04-29T01:07:08.896Z,1.0,5
181,0.2795366795366795,0.28167795877180335,79.28571428571429,39.25999157890269,21,136,424.7142857142857,212.1904227579654,115,721,4.857142857142857,2.2314999074019015,2,9,90,2,5d482ea321c9be351f7620bc,2020-04-29T01:36:45.573Z,0.8,5
182,0.21911764705882353,0.20977653631284918,54.4,24.630062931304092,35,102,286.4,124.24266577951393,186,527,1.6,0.8,1,3,91,0,5d482ea321c9be351f761fd3,2020-04-29T01:26:05.269Z,,0
183,0.2181818181818182,0.21632231404958677,72.6,29.323028492978004,43,121,387.2,151.26056987860386,214,625,3.2,1.16619037896906,1,4,91,1,5d482ea321c9be351f761fd3,2020-04-29T01:40:46.992Z,0.6666666666666666,3
184,0.17270194986072424,0.18297351094778747,51.285714285714285,16.35948205357445,33,83,266.57142857142856,90.81198338617328,172,450,3.857142857142857,0.9897433186107869,3,6,92,0,5d482ea421c9be351f7623b9,2020-04-29T17:01:40.776Z,0.7142857142857143,7
185,0.19152276295133439,0.200332502078138,65.0,22.614786566062733,41,105,343.7142857142857,128.56095195410984,226,583,3.4285714285714284,1.498298354528788,2,6,92,1,5d482ea521c9be351f7626dd,2020-04-29T17:15:53.258Z,0.7142857142857143,7
186,0.20101522842639594,0.21447562776957163,78.8,28.70121948628664,48,122,406.2,159.7615723508003,235,675,5.8,0.7483314773547882,5,7,93,2,5d482ea521c9be351f762444,2020-04-29T17:45:21.426Z,1.0,5
187,0.18378378378378382,0.18907887479316052,66.6,23.303218661807215,44,108,362.6,134.68867806909384,249,608,5.8,1.469693845669907,4,8,93,3,5d482ea521c9be351f762444,2020-04-29T18:00:21.753Z,1.0,5
188,0.2914001421464108,0.29605114022759216,86.14285714285714,45.208812577791484,21,166,450.14285714285717,238.52129498907493,112,867,5.428571428571429,2.4411439272335804,1,9,94,1,5d482ea721c9be351f762f65,2020-04-29T17:03:06.775Z,0.6,5
189,0.29777365491651203,0.2699173629183217,88.0,46.88587968979269,21,151,447.0,221.1088936636038,113,715,6.428571428571429,2.9692299558323607,2,10,94,2,5d482ea721c9be351f762f65,2020-04-29T17:17:31.846Z,0.6,5
190,0.2619047619047619,0.27550181946237823,68.57142857142857,32.605245602760405,29,122,347.7142857142857,174.0834892357394,122,634,4.857142857142857,1.8844151368961315,2,8,95,1,5ea9ad9aa68ffa2bcbe11b29,2020-04-29T19:45:19.773Z,0.8571428571428571,7
191,0.2584541062801932,0.2436472346786248,69.0,32.155870381627054,26,124,371.6666666666667,163.46627243019344,143,646,5.166666666666667,2.034425935955617,3,9,95,3,5ea9a890a68ffa2bcbe1187c,2020-04-29T20:14:58.181Z,0.8333333333333334,6
192,0.2275395033860045,0.2168448054724241,88.6,38.38020323031133,44,158,467.8,193.1034955664967,236,817,4.4,0.7999999999999999,3,5,96,1,5d482ea621c9be351f76286e,2020-05-01T01:44:15.716Z,0.75,4
193,0.19952941176470587,0.19946902654867257,85.0,30.528675044947494,50,133,452.0,162.69357700905098,260,720,3.8,0.9797958971132712,2,5,96,3,5eab5e9cd5ea945196f999fa,2020-05-01T02:14:14.190Z,1.0,5
194,0.253472817698508,0.26482186094776894,119.0,61.868524192147056,48,259,590.0,309.2252992791594,235,1267,10.285714285714286,5.0061187051243525,5,21,97,1,5eab6e5ad5ea945196f9b094,2020-05-01T01:36:35.058Z,1.0,5
195,0.2692307692307692,0.2604531576410092,126.28571428571429,79.25494898601292,58,316,635.0,389.3951353427151,298,1568,9.571428571428571,6.88387645894672,5,26,97,2,5eab6e5ad5ea945196f9b094,2020-05-01T01:51:30.874Z,0.6666666666666666,6
196,0.17397078353253653,0.176142912024587,83.66666666666667,26.74987019698517,42,118,433.8333333333333,139.44224212514976,233,633,5.833333333333333,2.9674156357941426,1,11,98,0,5d482ea321c9be351f76201f,2020-05-01T00:51:11.777Z,1.0,6
197,0.11985294117647059,0.1448324022346369,108.8,23.85288242540092,77,139,572.8,151.23412313363673,386,754,5.4,2.33238075793812,2,8,98,1,5d482ea321c9be351f76201f,2020-05-01T01:05:50.883Z,0.6,5
198,0.37209302325581395,0.3593208285180905,86.0,62.19324722186485,3,217,459.14285714285717,316.58915628547834,61,1126,6.571428571428571,2.920721185751553,3,12,99,1,5d482ea121c9be351f761c52,2020-05-01T00:48:07.649Z,0.8571428571428571,7
199,0.4404761904761904,0.4488174077578051,82.28571428571429,65.2286402602728,0,200,431.42857142857144,348.8101641469825,1,1067,4.428571428571429,3.1102201510110348,1,10,99,2,5d482ea121c9be351f761c52,2020-05-01T01:03:09.495Z,0.8333333333333334,6
200,0.09364435429344152,0.10080971659919029,82.16666666666667,16.15979235290135,48,94,411.6666666666667,81.56932974810788,244,498,6.5,1.3844373104863459,5,9,100,0,5d482ea121c9be351f761c46,2020-05-01T00:29:13.988Z,1.0,6
201,0.2777777777777778,0.27905614147224883,103.0,52.080066564217574,39,193,521.5,265.17337096071066,209,983,7.666666666666667,2.924988129130708,4,12,100,2,5d482ea121c9be351f761d74,2020-05-01T00:58:39.997Z,0.5,6
202,0.2647540983606557,0.2589184826472962,97.6,46.83844574705698,42,175,495.6,236.23175061790485,217,884,6.2,2.4819347291981715,3,10,101,2,5d482ea821c9be351f763561,2020-05-01T00:56:35.297Z,0.8,5
203,0.2751054852320675,0.29471919530595136,94.8,52.87116416346438,38,195,477.2,281.68166429499803,187,1011,6.8,2.1354156504062622,4,10,101,3,5d482ea621c9be351f762b74,2020-05-01T01:11:02.438Z,1.0,5
204,0.12585034013605442,0.11491628614916286,98.0,22.2560853101648,71,138,511.0,107.00778787857763,373,706,6.0,1.8257418583505538,3,8,102,1,5ea9d2fca68ffa2bcbe13a4e,2020-05-01T00:37:21.729Z,1.0,6
205,0.20086778968861665,0.1923224200650967,108.83333333333333,41.82270781392435,73,188,580.3333333333334,210.60758665241752,389,968,8.166666666666666,3.5784850922639815,6,16,102,3,5ea9d2fca68ffa2bcbe13a4e,2020-05-01T01:07:02.513Z,1.0,6
206,0.1593915343915344,0.17114624505928855,84.0,23.930454794396756,49,113,421.6666666666667,127.97482391296951,247,594,6.333333333333333,1.699673171197595,4,8,103,2,5d482ea721c9be351f762cc9,2020-05-01T00:25:31.959Z,0.8333333333333334,6
207,0.12353666050523722,0.116128642243985,90.16666666666667,20.819995730600482,50,116,459.5,104.38829755612775,245,570,7.5,2.753785273643051,4,11,103,3,5ea885dc7d50722703c53e04,2020-05-01T00:40:03.304Z,1.0,6
208,0.24965325936199725,0.23796151846073843,144.2,65.88596208601648,69,256,769.2,334.28933575571926,371,1335,7.6,3.8262252939417984,4,14,104,2,5d482ea121c9be351f761c31,2020-04-30T22:54:36.891Z,0.8,5
209,0.17785588752196838,0.16956103812880485,113.8,36.5589934215919,63,157,624.2,189.20930209691065,352,854,6.2,2.1354156504062622,4,10,104,3,5d482ea121c9be351f761c31,2020-04-30T23:09:17.092Z,1.0,1
210,0.18446280991735536,0.18501672240802675,121.0,40.422765862815474,56,169,598.0,204.18716903860536,270,831,8.8,3.7094473981982814,4,14,105,0,5d482ea721c9be351f762c35,2020-04-30T22:16:37.421Z,1.0,5
211,0.15458937198067632,0.15356277266117305,82.8,22.771912523984454,53,118,412.6,113.54752309055448,265,597,4.6,1.3564659966250536,3,6,105,3,5d482ea121c9be351f761bee,2020-04-30T23:01:22.058Z,1.0,3
212,0.19635284139100934,0.2216778408114148,65.5,25.11805459558257,34,116,323.1666666666667,135.00051440231215,148,586,5.5,0.9574271077563381,4,7,106,0,5d43364cce0995585f1a5cbd,2020-04-30T22:13:06.985Z,1.0,5
213,0.20476190476190476,0.20279295689131754,67.2,24.83867951401604,36,102,329.4,123.15940889757469,175,480,4.2,1.469693845669907,2,6,106,3,5d482ea421c9be351f762296,2020-04-30T22:58:03.363Z,0.6666666666666666,3
214,0.19525065963060687,0.21667770663133878,108.28571428571429,38.60686203148823,53,154,554.5714285714286,218.80379804933992,239,809,7.0,1.6903085094570331,4,9,107,1,5d482ea621c9be351f76278a,2020-05-01T18:29:31.400Z,0.7142857142857143,7
215,0.2069229298144961,0.21415688151065632,106.71428571428571,39.70503489380619,37,171,554.4285714285714,213.42971887241754,189,915,7.571428571428571,3.81190401832181,2,13,107,3,5d482ea421c9be351f76227f,2020-05-01T18:58:58.182Z,0.5,6
216,0.21594202898550724,0.208599102291519,95.83333333333333,38.1768545354672,35,162,470.3333333333333,182.2184281447833,167,778,8.833333333333334,3.0230595245361753,5,15,108,0,5d482ea221c9be351f761f2e,2020-05-01T18:21:13.020Z,1.0,5
217,0.14355555555555555,0.1655855855855856,180.0,47.52683452535,124,251,888.0,268.71620717775846,570,1280,13.8,4.445222154178574,7,20,108,1,5d482ea221c9be351f761f32,2020-05-01T18:36:31.544Z,0.75,4
218,0.16414686825053995,0.15930664465538588,92.6,27.13374283065276,50,126,484.6,138.21519453374145,262,663,5.8,2.039607805437114,3,9,109,2,5d482ea221c9be351f761ea0,2020-05-01T18:57:26.950Z,0.6666666666666666,3
219,0.3001821493624772,0.3045833333333333,109.8,59.67713129834577,24,206,576.0,313.80184830558284,117,1060,7.0,3.03315017762062,3,11,109,3,5d482ea121c9be351f761c6c,2020-05-01T19:12:29.873Z,0.6666666666666666,3
220,0.22945736434108524,0.224446583253128,77.4,33.31426121047862,41,137,415.6,176.75021923607335,230,734,2.8,1.7204650534085253,1,6,110,0,5d482ea921c9be351f7636a3,2020-05-01T18:51:00.267Z,1.0,5
221,0.22269129287598943,0.2202869866402771,75.8,30.340731698494025,37,114,404.2,163.46914081868783,192,581,3.4,0.8,3,5,110,2,5d482ea221c9be351f761e64,2020-05-01T19:18:59.192Z,1.0,3
222,0.41403508771929826,0.4285223367697594,45.6,34.52882853500825,10,102,232.8,181.88281941953727,44,525,4.0,0.6324555320336759,3,5,111,2,5eac69b8d5ea945196fa1146,2020-05-01T19:30:00.170Z,1.0,5
223,0.3582887700534759,0.3658778205833792,74.8,49.56369639161309,22,157,363.4,243.5903117942091,92,756,6.8,2.925747767665559,4,12,111,3,5eac6c10d5ea945196fa169d,2020-05-01T19:44:34.865Z,1.0,5
224,0.410792721188036,0.4126984126984127,97.57142857142857,88.47091070411973,35,306,474.42857142857144,425.9033616554203,169,1471,8.428571428571429,6.020373573058707,4,22,112,0,5eac6f58d5ea945196fa21c6,2020-05-01T19:22:27.837Z,0.75,4
225,0.34679089026915116,0.37169032517869727,78.85714285714286,55.2175659716791,33,202,405.42857142857144,305.193080404079,139,1089,7.285714285714286,4.494895063586364,4,18,112,1,5eac6f76d5ea945196fa21d7,2020-05-01T19:37:17.309Z,0.6666666666666666,6
226,0.18814432989690721,0.2058387901465544,72.75,25.40054133281415,40,123,400.875,149.05488712216047,175,674,7.375,3.314268395890713,2,14,113,0,5eab7fb2d5ea945196f9ec55,2020-05-01T18:08:40.808Z,0.7142857142857143,7
227,0.25693018480492813,0.26862534219788814,60.875,29.357441560871752,12,121,319.625,160.09913920755477,56,638,7.0,3.605551275463989,1,13,113,3,5eab7fb2d5ea945196f9ec55,2020-05-01T18:53:34.361Z,1.0,8
228,0.240138067061144,0.236074400391581,112.66666666666667,49.583823526988674,34,196,567.5,247.65214179032117,160,977,5.333333333333333,1.5986105077709065,3,8,114,1,5eacbd5ad5ea945196fa7424,2020-05-02T01:06:21.818Z,0.5,6
229,0.22278338945005613,0.22021680216802167,99.0,41.745259211875386,54,180,512.5,215.4590061550766,281,937,6.666666666666667,2.494438257849294,5,12,114,2,5eacae50d5ea945196fa6603,2020-05-02T01:21:01.509Z,0.6,5
230,0.11749819233550253,0.12300275482093664,76.83333333333333,16.63747443440727,54,102,403.3333333333333,88.50737571273682,269,530,7.5,1.707825127659933,5,10,115,1,5eac7476d5ea945196fa369c,2020-05-02T00:32:44.947Z,1.0,6
231,0.19498910675381265,0.22186655285246834,76.5,26.537709019431198,34,115,390.5,153.25876810153474,161,624,8.166666666666666,3.7155828016013257,3,13,115,3,5eacaf5ed5ea945196fa6656,2020-05-02T01:02:41.554Z,1.0,6
232,0.3464566929133858,0.3444191343963554,50.8,31.789306378088842,9,103,263.4,167.55966101660624,57,557,4.6,1.8547236990991407,2,7,116,2,5eaca02cd5ea945196fa6060,2020-05-02T00:01:21.171Z,1.0,5
233,0.4587301587301587,0.4497393894266567,50.4,45.306070233468716,11,133,268.6,240.32195072443966,75,715,4.2,2.9933259094191533,2,10,116,3,5eaca02cd5ea945196fa6060,2020-05-02T00:16:25.611Z,0.8,5
234,0.3780487804878049,0.39701636188642925,34.166666666666664,23.533073652958205,3,77,173.16666666666666,129.2457822221763,14,424,4.166666666666667,1.7716909687891083,1,6,117,0,5d482ea821c9be351f7632bf,2020-05-01T22:46:33.037Z,1.0,2
235,0.33282051282051284,0.36063808964572325,54.166666666666664,33.413653230711276,15,118,283.8333333333333,192.94249287172474,75,662,6.0,2.516611478423583,4,10,117,2,5d482ea521c9be351f7624ab,2020-05-01T23:15:43.514Z,0.75,4
236,0.17313432835820897,0.190224570673712,26.8,8.908422980528035,12,40,151.4,53.97629109155241,64,233,2.4,1.019803902718557,1,4,118,0,5d482ea221c9be351f761dd3,2020-05-02T16:09:43.790Z,0.8333333333333334,6
237,0.11329479768786127,0.10626673808248527,69.2,14.688771221582831,54,95,373.4,78.96480228557532,287,522,2.8,1.16619037896906,2,5,118,1,5d482ea221c9be351f761dd3,2020-05-02T16:24:45.113Z,0.6,5
238,0.2875210792580101,0.26621888993023013,98.83333333333333,51.65080401654514,34,191,533.5,258.6405162898239,214,1002,6.166666666666667,3.435921354681384,1,11,119,1,5eacc390d5ea945196fa7bed,2020-05-02T16:16:01.431Z,1.0,6
239,0.42193308550185876,0.41370738636363635,89.66666666666667,67.74871872507175,9,189,469.3333333333333,348.0755026650907,49,970,5.5,3.2015621187164243,1,10,119,2,5d482ea221c9be351f761e77,2020-05-02T16:30:44.221Z,0.8333333333333334,6
240,0.19368686868686869,0.19019274376417233,61.875,21.25698414639292,31,99,330.75,114.43529831306422,188,551,4.625,1.4086784586980805,2,7,120,0,5d482ea621c9be351f762b56,2020-05-02T16:30:30.528Z,1.0,6
241,0.17798913043478262,0.18971209720021132,46.0,15.56438241627338,17,70,236.625,83.93887284804342,94,374,5.25,2.384848003542364,3,10,120,1,5d482ea321c9be351f761fb5,2020-05-02T16:45:10.993Z,1.0,8
242,0.21255274261603377,0.21506561679790026,105.33333333333333,40.651636566755286,49,174,529.1666666666666,212.77485492625507,266,925,6.0,1.1547005383792515,4,7,121,1,5eadd582d5ea945196fab7fc,2020-05-02T21:00:39.773Z,0.75,4
243,0.16875981161695447,0.17018305926155755,106.16666666666667,33.503316585410204,47,142,537.1666666666666,175.0327747086877,229,717,7.833333333333333,2.266911751455907,4,11,121,2,5eadd00ad5ea945196fab489,2020-05-02T21:15:39.919Z,0.6,5
244,0.1317408613825552,0.1284000905182168,102.33333333333333,24.91318258807306,49,129,545.5555555555555,127.18762266048017,281,689,6.444444444444445,1.5713484026367723,3,8,122,1,5d482eab21c9be351f7641d2,2020-05-02T20:05:23.792Z,0.7142857142857143,7
245,0.12324393358876118,0.12004183763778259,116.0,25.660172338556972,66,155,613.7777777777778,131.57995269271564,365,769,6.666666666666667,1.4907119849998598,4,9,122,3,5d482ea721c9be351f762fff,2020-05-02T20:35:12.761Z,1.0,8
246,0.2823629771806355,0.29146865806743605,115.77777777777777,57.62094098074217,19,209,600.1111111111111,310.59492892921355,95,1175,9.0,4.055175020198813,2,14,123,2,5d482ea621c9be351f762b66,2020-05-02T23:42:49.862Z,0.7142857142857143,7
247,0.22398989898989902,0.22449382716049382,97.77777777777777,43.03687766911272,5,180,500.0,223.37561788759905,20,934,8.444444444444445,4.2716406192757965,1,15,123,3,5d482ea421c9be351f7622ab,2020-05-02T23:57:32.475Z,1.0,8
248,0.34332688588007737,0.34830264311662285,86.16666666666667,53.19904969911482,28,170,443.5,278.3371756221819,138,889,8.0,4.242640687119285,1,13,124,0,5eab40f6d5ea945196f9629b,2020-05-03T20:51:51.839Z,0.8333333333333334,6
249,0.2540345019476906,0.2503825136612022,99.83333333333333,47.45319331252172,38,189,508.3333333333333,239.08273788702425,193,957,7.5,4.112987559751022,3,14,124,1,5eab40f6d5ea945196f9629b,2020-05-03T21:06:46.835Z,0.6666666666666666,6
250,0.25029239766081873,0.25670010833215584,52.77777777777778,23.578605075024065,16,82,262.1111111111111,120.45787133032071,87,414,6.777777777777778,2.8588178511708016,3,13,125,0,5f1322522ce49169326082c9,2020-07-18T16:53:45.241Z,1.0,6
251,0.29806320081549437,0.2926071897766631,60.55555555555556,31.97607130030938,19,113,310.1111111111111,159.66523621102056,96,546,7.0,2.943920288775949,3,13,125,2,5f1322982ce49169326082d4,2020-07-18T17:23:38.999Z,0.875,8
252,0.18660287081339713,0.18623124448367168,69.66666666666667,23.30712814188445,43,105,377.6666666666667,126.35224132910699,238,580,4.333333333333333,2.0548046676563256,2,8,126,1,5d482ea821c9be351f763252,2020-07-22T23:58:32.491Z,0.6666666666666666,6
253,0.3075526506899056,0.3090233991873336,76.5,42.6800109340817,21,154,396.5,220.82025118483435,97,790,4.833333333333333,1.7716909687891083,3,8,126,3,5f18c10846a7f03dda99cf42,2020-07-23T00:28:27.641Z,0.8333333333333334,6
254,0.27412935323383086,0.2637307769123228,55.833333333333336,26.965512954306817,17,94,278.1666666666667,130.22085939749525,81,437,8.5,5.649483752226097,3,20,127,0,5f18c65846a7f03dda99d9c5,2020-07-22T23:31:00.262Z,1.0,6
255,0.36186186186186187,0.380920564216778,74.0,47.4903498969352,7,141,374.1666666666667,250.95910468086672,29,750,8.666666666666666,4.853406592853679,2,15,127,1,5e9f3c169dc0406f89877a12,2020-07-22T23:45:16.953Z,0.8333333333333334,6
256,0.1964573268921095,0.1989339676666226,88.71428571428571,30.72325450447818,43,135,463.2857142857143,163.49985957679797,221,745,5.857142857142857,1.6413036132965795,4,8,128,1,5d482ea821c9be351f7634ee,2020-07-22T23:15:10.210Z,1.0,5
257,0.24911816578483245,0.23828311294168653,92.57142857142857,41.268656881661734,21,158,470.7142857142857,202.62612600248644,108,796,6.571428571428571,2.6649654437396615,2,10,128,2,5f18bbe046a7f03dda99c932,2020-07-22T23:29:41.814Z,1.0,6
258,0.2280382891069914,0.21945252273461663,101.88888888888889,41.27265558169758,43,166,534.8888888888889,207.52426602123987,222,859,7.222222222222222,2.199887763691481,4,11,129,0,5f18ba4646a7f03dda99c8d4,2020-07-22T22:54:58.799Z,1.0,8
259,0.17840264650283555,0.1714493706556453,132.25,42.09141836526776,56,188,665.375,202.83363718821394,301,952,9.75,3.4550687402713134,5,14,129,2,5f18bce446a7f03dda99c96a,2020-07-22T23:24:44.459Z,0.75,8
260,0.3067101331160011,0.30792227204783257,90.88888888888889,52.14391291724267,32,208,470.77777777777777,275.8537365174111,162,1113,7.333333333333333,3.858612300930075,3,16,130,0,5f18bc3a46a7f03dda99c94b,2020-07-22T22:49:43.070Z,1.0,8
261,0.29195906432748536,0.2937803264225849,106.875,57.85852897369583,30,230,566.75,310.6524384259683,136,1226,8.875,3.0998991919093113,4,14,130,2,5f18bbea46a7f03dda99c933,2020-07-22T23:19:34.119Z,1.0,8
262,0.34028998242530756,0.3517280305661688,71.125,43.08839025770167,9,142,359.875,226.4047468031534,36,746,5.125,1.5360257159305635,3,7,131,0,5f18b79446a7f03dda99c86e,2020-07-22T22:37:35.491Z,0.625,8
263,0.3279983792544571,0.33032289002557547,77.125,46.25591178433304,24,168,391.0,237.58682623411593,135,870,7.375,1.5761900266148114,5,10,131,1,5d482eaa21c9be351f763c6e,2020-07-22T22:51:40.076Z,0.75,8
264,0.19927536231884058,0.1977261492832427,103.5,36.61625322175932,45,159,505.75,178.06301553101923,207,780,5.5,1.9364916731037085,3,9,132,1,5ee168c0896280243c138219,2020-07-22T22:44:04.444Z,0.75,8
265,0.17552395209580837,0.17966261222125687,83.5,26.272609310839304,34,124,431.625,143.12838423946525,175,703,4.75,0.9682458365518543,3,6,132,2,5ee168c0896280243c138219,2020-07-22T22:58:52.331Z,0.625,8
266,0.24812734082397003,0.23360575987546214,59.333333333333336,26.718699236469,20,106,285.5,121.27757418418295,97,492,5.5,2.217355782608345,3,9,133,2,5f197d8246a7f03dda9a0ba5,2020-07-23T13:17:47.025Z,0.8,5
267,0.11540983606557377,0.12008281573498965,61.0,12.47397290361014,44,79,289.8,61.991612335863636,199,372,5.6,1.0198039027185568,4,7,133,3,5f19811046a7f03dda9a0c13,2020-07-23T13:32:42.496Z,0.8,5
268,0.2129466900995899,0.21475371475371474,94.83333333333333,37.18161134515585,52,161,474.8333333333333,185.4430880051583,260,804,5.666666666666667,2.6874192494328497,3,11,134,2,5f13239c2ce49169326082fd,2020-07-23T13:00:14.387Z,0.5,6
269,0.16361323155216284,0.16801113992125227,109.16666666666667,36.1589853594127,81,183,578.5,191.07132176231994,388,967,6.333333333333333,2.4267032964268394,4,11,134,3,5ea8745c7d50722703c528b9,2020-07-23T13:15:28.002Z,0.5,6
270,0.14015151515151514,0.1294651119748288,58.666666666666664,14.95177432800387,43,85,300.1666666666667,73.14920064878054,220,444,5.833333333333333,1.462494064565354,3,7,135,0,5ebca97c78f5b8169eccbc45,2020-07-23T13:01:06.461Z,0.6666666666666666,3
271,0.1658270361041142,0.16392118863049096,66.16666666666667,20.301204124112658,39,104,344.0,104.72821969268837,221,518,6.833333333333333,1.674979270186815,4,9,135,2,5e7e4efc31f4e454e196c986,2020-07-23T13:30:40.448Z,0.6666666666666666,3
272,0.3783684016242156,0.39210756865882,66.88888888888889,45.066480385326166,1,146,324.1111111111111,225.3370041340276,2,691,6.888888888888889,5.086899174337598,1,19,136,0,5f18b78046a7f03dda99c868,2020-07-23T16:23:25.497Z,1.0,5
273,0.31200787401574803,0.3158194233687405,79.375,44.72677469927828,5,160,411.875,235.57293854558083,21,820,7.125,2.666341125962693,1,10,136,3,5f18b78046a7f03dda99c868,2020-07-23T17:08:15.421Z,0.6,5
274,0.30609243697478994,0.32150546538588937,74.375,40.914354143747644,23,127,377.375,216.6350257345289,105,683,7.375,3.3888604279314896,2,12,137,0,5f19af0046a7f03dda9a2ca5,2020-07-23T16:10:05.310Z,0.7142857142857143,7
275,0.29080578512396693,0.29969753858990406,60.5,35.92352989337211,16,146,299.625,182.26350258622816,81,734,12.625,11.26873440098754,5,41,137,1,5f19ad2a46a7f03dda9a29f5,2020-07-23T16:24:12.339Z,1.0,7
276,0.29034391534391535,0.2860760544669545,70.875,36.44323496892119,15,129,376.375,191.46274931432484,74,661,5.25,2.48746859276655,2,10,138,1,5d482ea821c9be351f7632a5,2020-07-23T15:56:49.407Z,1.0,7
277,0.2568525519848771,0.25748024087316523,66.125,30.283813745960067,14,119,332.125,151.30303822131265,76,583,6.75,3.152380053229623,2,13,138,3,5d482ea821c9be351f7632a5,2020-07-23T16:26:41.055Z,1.0,7
278,0.1446160267111853,0.16459131545338443,74.875,19.554011736725535,40,107,391.5,115.5919547373432,193,577,5.75,3.112474899497183,3,13,139,0,5f19a83446a7f03dda9a25ee,2020-07-23T15:36:13.274Z,0.625,8
279,0.24190800681431004,0.23788703488890872,83.85714285714286,36.40026911764163,27,143,457.42857142857144,193.25250480199446,148,771,7.428571428571429,3.958973274443148,1,15,139,2,5f19a80246a7f03dda9a25e9,2020-07-23T16:05:43.288Z,0.6666666666666666,6
280,0.24619883040935672,0.2622495776007724,47.5,21.761969886325396,20,85,230.16666666666666,112.50691336782623,87,418,8.166666666666666,3.5316033500695148,5,15,140,0,5f19843046a7f03dda9a0d50,2020-07-23T15:30:40.443Z,0.5,2
281,0.2617283950617284,0.2541191381495564,45.0,21.06339637063944,17,77,219.16666666666666,100.1505810711495,89,357,6.333333333333333,3.39934634239519,2,13,140,1,5f19a71c46a7f03dda9a257d,2020-07-23T15:44:59.050Z,1.0,4
282,0.18189249948906602,0.16926054974835464,99.85714285714286,39.21890422971544,67,192,527.1428571428571,186.34256363055692,355,956,5.285714285714286,2.1189138534559038,3,10,141,0,5ebca97278f5b8169eccbc44,2020-07-23T15:26:06.334Z,0.6666666666666666,6
283,0.33730158730158727,0.33579888808315206,82.28571428571429,50.81539217237876,28,179,422.14285714285717,261.0798611106399,133,944,5.428571428571429,2.258769757263128,3,10,141,2,5f18c9a046a7f03dda99e50c,2020-07-23T15:55:32.310Z,1.0,6
284,0.19424266881894,0.2070204081632653,75.85714285714286,27.80251053118647,21,101,375.0,144.11404214321774,104,517,5.571428571428571,1.9166296949998198,2,8,142,0,5f18c59a46a7f03dda99d805,2020-07-24T00:21:26.518Z,1.0,3
285,0.07353504404442743,0.08161061400802222,106.57142857142857,14.008743625292873,85,130,529.1428571428571,80.81801173258448,418,676,8.714285714285714,2.602981022612657,6,13,142,1,5f18c59a46a7f03dda99d805,2020-07-24T00:35:40.084Z,0.5,4
286,0.30314769975786926,0.3073735756662586,84.28571428571429,45.58732369456067,9,162,433.42857142857144,238.4406827361335,42,837,6.142857142857143,2.8499910490371434,2,11,143,0,5ee147e6896280243c135b3d,2020-07-24T00:06:11.594Z,0.75,4
287,0.25457875457875456,0.2573996148634191,111.42857142857143,50.81860498129497,30,193,572.2857142857143,263.98794035535263,144,981,9.428571428571429,2.7701027756664733,5,12,143,2,5ee12306896280243c13405e,2020-07-24T00:35:43.134Z,1.0,6
288,0.16683937823834197,0.16298449612403101,77.2,23.743630724891254,50,113,412.8,125.4374744643721,261,575,5.0,2.8284271247461903,2,10,144,0,5d482ea621c9be351f762b78,2020-07-23T23:56:21.878Z,1.0,5
289,0.1644314868804665,0.16474576271186442,68.6,21.30352083576797,40,89,354.0,111.72287142747452,218,464,5.2,0.9797958971132712,4,7,144,1,5f1a1d5046a7f03dda9a66d5,2020-07-24T00:10:44.430Z,1.0,5
290,0.3229571984435798,0.3367142857142857,102.8,59.49924369267226,29,197,560.0,337.819478420058,145,1104,7.4,4.2708313008125245,2,14,145,1,5d482ea721c9be351f762c60,2020-07-24T00:03:51.101Z,0.6,5
291,0.18804523424878836,0.1855682873954785,123.8,43.32851255235979,77,201,645.8,219.74840158690574,383,1025,9.2,4.791659420284375,4,17,145,3,5d482ea721c9be351f762c60,2020-07-24T00:33:34.330Z,0.6,5
292,0.22759856630824374,0.2199211908931699,69.75,28.047950014216724,28,108,356.875,138.3523016613746,139,544,4.25,2.0463381929681126,2,8,146,0,5f1a192246a7f03dda9a6305,2020-07-23T23:41:41.622Z,1.0,7
293,0.19448757763975155,0.19447368421052633,80.5,27.861263431510064,37,119,415.625,145.0102905831169,179,621,6.625,2.7357585785299112,2,10,146,1,5d482eab21c9be351f7640fa,2020-07-23T23:56:14.386Z,0.75,8
294,0.209799861973775,0.21306300297896938,88.71428571428571,33.044188102402195,36,143,459.0,174.25678916882572,198,768,8.571428571428571,5.753437304457791,3,22,147,0,5f18bbea46a7f03dda99c934,2020-07-23T23:34:55.113Z,1.0,7
295,0.22275220605771523,0.22230609548971503,85.57142857142857,36.70288872577098,27,159,432.57142857142856,187.5426482109048,141,816,8.142857142857142,4.733726150223112,3,18,147,3,5f18bbea46a7f03dda99c934,2020-07-24T00:19:27.190Z,1.0,7
296,0.19946134347275032,0.19015289821999087,98.625,34.56492984225485,45,152,547.75,183.3485410359188,247,831,5.75,1.8540496217739157,3,9,148,0,5d482ea921c9be351f763633,2020-07-23T23:30:37.464Z,1.0,8
297,0.265406162464986,0.26792160907684376,89.25,47.24603157938241,30,200,484.75,256.4501657242592,171,1078,6.25,2.537222891273055,4,11,148,2,5d482ea921c9be351f763633,2020-07-23T23:59:45.918Z,1.0,8
298,0.32814710042432815,0.341041388518024,72.14285714285714,43.0296528037139,21,127,382.14285714285717,234.98658233514317,92,694,6.714285714285714,2.5475077857324298,3,11,149,1,5f1adfc446a7f03dda9a9d49,2020-07-24T14:05:16.986Z,0.8,5
299,0.3949988423246122,0.39269901508990696,88.14285714285714,63.20585093040623,11,191,451.7142857142857,319.3979668446401,56,962,8.428571428571429,4.531071864901059,3,16,149,3,5f19a74446a7f03dda9a2587,2020-07-24T14:35:21.717Z,0.5,6
300,0.09764309764309764,0.12075750122970978,66.0,13.063945294843617,51,93,338.8333333333333,84.33152171967227,245,516,4.333333333333333,1.699673171197595,3,8,150,0,5d482ea821c9be351f7631de,2020-07-24T13:41:42.537Z,1.0,2
301,0.2870528109028961,0.29249592169657423,97.83333333333333,51.90188393069711,42,194,510.8333333333333,276.06485751640963,218,1019,6.666666666666667,3.815174380753199,2,14,150,2,5f1adee846a7f03dda9a9cec,2020-07-24T14:11:01.316Z,0.5,4
302,0.21967871485943774,0.22559000462748727,69.16666666666667,27.088845592892206,31,110,360.1666666666667,145.29099153843717,166,581,4.0,1.4142135623730951,2,6,151,1,5ee25974896280243c13947a,2020-07-24T13:47:59.225Z,1.0,4
303,0.25243902439024396,0.23583138173302107,65.6,30.190064590855055,34,113,341.6,146.0090408159714,183,576,3.8,2.039607805437114,1,7,151,2,5f18b9b046a7f03dda99c8c7,2020-07-24T14:02:50.006Z,0.75,4
304,0.22646246547828267,0.22681227454662253,81.28571428571429,32.84906733059245,24,128,413.0,167.5683229525881,134,663,5.142857142857143,3.0904725218262765,1,11,152,0,5d482ea321c9be351f76211d,2020-07-24T22:57:43.242Z,1.0,6
305,0.14948453608247422,0.16276085258341702,97.0,27.067816067549053,72,141,497.8333333333333,150.22584849337863,354,746,5.666666666666667,1.1055415967851332,4,7,152,1,5f1b54cc46a7f03dda9abf53,2020-07-24T23:12:27.724Z,1.0,6
306,0.2753120665742025,0.276539381016993,58.857142857142854,29.347321958271575,12,110,315.85714285714283,161.09928488927793,55,591,4.714285714285714,2.0503857277724746,1,7,153,0,5d482eaa21c9be351f763a5c,2020-07-24T22:46:41.207Z,0.6,5
307,0.30665280665280664,0.3313469178521082,80.16666666666667,46.200348724032615,31,170,433.5,280.9387537050261,150,1006,7.166666666666667,1.8633899812498247,5,9,153,1,5f1b5b3e46a7f03dda9ac993,2020-07-24T23:00:37.937Z,0.6,5
308,0.19298245614035087,0.20495402772059831,76.0,26.337552404630667,46,117,404.8333333333333,149.50297284298026,232,632,4.666666666666667,1.5986105077709065,2,6,154,1,5d482ea421c9be351f762253,2020-07-24T22:39:54.652Z,1.0,5
309,0.17443667443667443,0.17621731642398622,71.5,22.171678631383177,39,102,354.8333333333333,112.69932958491319,196,503,5.0,1.7320508075688772,2,7,154,2,5d482ea821c9be351f763453,2020-07-24T22:54:35.285Z,1.0,5
310,0.31020408163265306,0.32058359621451105,81.66666666666667,45.43004390146337,25,155,422.6666666666667,245.1255913925667,120,831,5.166666666666667,2.266911751455907,2,9,155,1,5d482ea421c9be351f762208,2020-07-24T22:13:22.595Z,0.8333333333333334,6
311,0.2263888888888889,0.24278002699055332,80.0,33.57082066318904,44,128,411.6666666666667,184.9195020062033,220,684,4.833333333333333,1.7716909687891083,2,7,155,2,5d482ea421c9be351f762208,2020-07-24T22:28:24.139Z,0.8333333333333334,6
312,0.13514902363823228,0.13419028142954523,79.42857142857143,19.58758457257441,43,105,419.14285714285717,107.32118492960221,195,555,6.428571428571429,1.761261143705422,4,9,156,1,5f1b4f4a46a7f03dda9abce8,2020-07-24T21:58:43.075Z,0.8571428571428571,7
313,0.22713687985654513,0.2400301545420279,102.42857142857143,46.766462778537424,55,208,541.4285714285714,252.8476995815336,266,1094,7.0,2.9760952365713798,4,12,156,3,5f18c50e46a7f03dda99d6cd,2020-07-24T22:28:35.377Z,0.5714285714285714,7
314,0.1597964376590331,0.1504407443682664,78.6,23.328951969602063,51,120,408.4,114.48598167461377,261,609,5.2,1.7204650534085253,3,8,157,2,5f19afe646a7f03dda9a2e35,2020-07-24T22:02:24.202Z,1.0,4
315,0.1737470167064439,0.16989051094890512,83.8,26.064535292231856,53,123,438.4,132.22647238734007,265,635,5.8,1.6,4,8,157,3,5f19afe646a7f03dda9a2e35,2020-07-24T22:17:22.250Z,1.0,4
316,0.219151212553495,0.23495240761478164,87.625,33.78586057805839,36,137,446.5,184.6334205933476,176,707,4.625,1.996089927833914,2,8,158,0,5d482ea421c9be351f762316,2020-07-27T15:31:10.007Z,0.8,5
317,0.25872093023255816,0.2512845215157354,75.25,35.389793726440395,13,141,389.25,174.77753717225792,75,688,5.375,3.6033838263498934,1,14,158,3,5d482ea421c9be351f762316,2020-07-27T16:16:00.555Z,1.0,5
318,0.28103044496487123,0.278828244059378,69.71428571428571,35.5234903598582,20,136,361.57142857142856,183.78625562076735,105,707,5.428571428571429,2.969229955832361,2,11,159,1,5f1b61f646a7f03dda9ad5e4,2020-07-27T15:27:53.796Z,0.75,4
319,0.23942857142857144,0.2443754848719938,71.42857142857143,30.867723053873153,24,128,368.2857142857143,159.72808527146938,125,629,5.142857142857143,2.0995626366712954,2,8,159,2,5d482ea921c9be351f7635f1,2020-07-27T15:42:51.767Z,0.8,5
320,0.22639225181598063,0.22087883024143273,101.14285714285714,40.9823257076531,40,173,540.1428571428571,212.8825488193824,254,923,7.428571428571429,2.0603150145508513,4,11,160,1,5f1ee5ec46a7f03dda9af573,2020-07-27T15:19:59.292Z,0.75,4
321,0.15778474399164055,0.16656553398058252,106.33333333333333,30.608640755330654,64,148,549.3333333333334,165.42235506592075,341,803,7.666666666666667,1.9720265943665387,5,10,160,3,5f1ee5ec46a7f03dda9af573,2020-07-27T15:49:47.450Z,1.0,5
322,0.30612244897959184,0.2783748361730013,58.8,33.41496670655232,23,108,305.2,161.36096182162524,136,511,4.2,0.9797958971132712,3,5,161,0,5d482ea621c9be351f7629ff,2020-07-27T14:53:46.570Z,1.0,5
323,0.14759825327510917,0.13302961275626424,91.6,24.40983408382777,55,121,439.0,104.95332295835135,292,562,6.0,1.0954451150103321,5,8,161,1,5d482ea621c9be351f7629ff,2020-07-27T15:07:59.157Z,0.6,5
324,0.16458333333333333,0.17887179487179486,38.4,12.41933975700802,15,51,195.0,66.72930390765364,73,268,5.4,2.5768197453450252,2,9,162,0,5f19ad4846a7f03dda9a2a10,2020-07-27T14:45:29.385Z,0.75,4
325,0.29774436090225564,0.2843517138599106,53.2,28.909514004908488,8,87,268.4,140.05798799068904,36,433,4.8,2.785677655436824,2,10,162,1,5f1edf2046a7f03dda9aef71,2020-07-27T15:00:36.610Z,0.6666666666666666,3
326,0.23317307692307693,0.2306315622017181,78.0,33.529837458597974,33,145,392.875,169.516546021325,162,737,5.25,1.3919410907075054,3,7,163,0,5eaf0dc6d5ea945196fadc0a,2020-07-27T14:39:44.115Z,0.7142857142857143,7
327,0.21769662921348315,0.22419760855884205,77.875,30.628571220349148,31,113,397.25,159.45042332963558,154,583,7.0,2.0615528128088303,4,10,163,2,5eaf0dc6d5ea945196fadc0a,2020-07-27T15:09:10.995Z,0.8571428571428571,7
328,0.22414068745003993,0.23039950062421974,77.22222222222223,30.907668152374157,41,128,395.55555555555554,161.05562262847863,190,638,5.555555555555555,1.8324913891634047,2,9,164,0,5f19acb246a7f03dda9a29a9,2020-07-27T14:35:19.458Z,0.875,8
329,0.18101125376446348,0.1861503197008083,77.88888888888889,25.77873561438852,28,108,409.3333333333333,139.3173834571025,146,568,6.444444444444445,2.832788618662658,3,13,164,1,5f19acb246a7f03dda9a29a9,2020-07-27T14:49:56.018Z,0.625,8
330,0.1414802691398436,0.1545802856147684,67.88888888888889,17.628540271354446,46,96,354.44444444444446,106.10383919235922,250,564,8.666666666666666,4.546060565661952,3,18,165,0,5f1f4a9646a7f03dda9b3fb5,2020-07-27T22:24:27.049Z,0.8,5
331,0.23065275908479138,0.24568527918781727,92.875,41.31112894850491,48,173,492.5,226.29902783706342,213,932,8.375,2.9553976043842223,4,15,165,2,5f1f4a7846a7f03dda9b3f62,2020-07-27T22:54:12.713Z,0.8571428571428571,7
332,0.19567099567099566,0.20927835051546392,46.2,17.52027397046062,21,76,232.8,92.43246183024662,102,390,3.2,1.16619037896906,1,4,166,2,5d482ea221c9be351f761f7f,2020-07-27T22:45:22.423Z,0.6,5
333,0.2551020408163265,0.23008130081300812,39.2,18.45426779907564,18,66,196.8,83.25959404176795,103,322,4.2,1.7204650534085253,1,6,166,3,5d482ea221c9be351f761f7f,2020-07-27T23:00:22.659Z,0.8,5
334,0.24384040693053569,0.2344986601857045,77.66666666666667,35.58713875045933,36,158,396.22222222222223,176.54258395814105,199,799,7.666666666666667,4.346134936801765,3,17,167,0,5f1b553046a7f03dda9abf8c,2020-07-27T22:05:53.970Z,0.8571428571428571,7
335,0.2017746913580247,0.20152979066022544,64.0,24.567367696917707,14,111,306.6666666666667,119.93887332025983,62,545,6.888888888888889,5.086899174337598,1,18,167,2,5f1b553046a7f03dda9abf8c,2020-07-27T22:35:16.700Z,1.0,7
336,0.20557142857142857,0.20539443155452436,109.375,41.50583543310507,61,178,538.75,216.16645785135123,324,925,9.625,5.655473012931809,4,22,168,1,5d482ea221c9be351f761dd4,2020-07-27T22:13:11.417Z,0.5714285714285714,7
337,0.2219730941704036,0.2249216300940439,111.5,45.35140571139995,67,190,558.25,239.07151126807224,341,984,9.625,4.553501400021746,5,18,168,2,5f1f474446a7f03dda9b38a8,2020-07-27T22:27:55.530Z,0.5714285714285714,7
338,0.2347560975609756,0.23339085418464192,61.5,25.729360660537214,20,94,289.75,119.51019830960034,92,448,9.125,6.508408023472406,2,24,169,2,5f1f3fec46a7f03dda9b3179,2020-07-27T22:19:03.432Z,1.0,4
339,0.24433797909407665,0.26002484031227824,71.75,30.974788134868653,28,115,352.25,165.81295938496484,126,619,8.625,4.897384506039933,2,18,169,3,5f1f3fce46a7f03dda9b3174,2020-07-27T22:34:00.198Z,1.0,4
340,0.2353448275862069,0.2463121783876501,92.8,42.60234735316823,48,172,466.4,227.19559854891557,246,896,7.2,2.7856776554368237,4,12,170,1,5eaddac8d5ea945196fabc70,2020-07-27T21:54:30.258Z,0.5,4
341,0.28208092485549136,0.299780701754386,69.2,34.96512548240032,21,122,364.8,195.5662547578186,106,664,5.6,1.7435595774162693,4,9,170,3,5eaddac8d5ea945196fabc70,2020-07-27T22:24:37.789Z,1.0,4
342,0.20960392569225378,0.19737057801383562,70.44444444444444,26.89531603627959,34,126,376.55555555555554,134.70635645408794,198,646,7.444444444444445,2.3147407395555177,3,11,171,0,5f1f3fb046a7f03dda9b3170,2020-07-27T21:31:25.041Z,1.0,7
343,0.2249117498739284,0.22072114332176251,73.44444444444444,29.623980943039715,25,121,394.77777777777777,155.95496342625313,146,648,7.333333333333333,2.8284271247461903,2,11,171,1,5d482eaa21c9be351f763cfb,2020-07-27T21:45:57.163Z,1.0,8
344,0.19151061173533085,0.19398057784524927,98.88888888888889,34.014521227278614,50,166,512.3333333333334,179.57480644876415,240,875,6.111111111111111,1.7916128329552332,4,9,172,1,5f1b5d1e46a7f03dda9acdad,2020-07-27T21:36:40.015Z,1.0,7
345,0.2585396825396825,0.2681138306138306,97.22222222222223,45.88821629854149,39,192,508.44444444444446,251.69783961952436,218,1060,6.333333333333333,2.5819888974716116,4,13,172,3,5f1ae1c246a7f03dda9a9d8d,2020-07-27T22:06:28.086Z,0.875,8
346,0.23809523809523808,0.2586783772480134,49.0,21.509687739868905,12,72,265.6666666666667,126.91685817451079,43,398,6.0,2.23606797749979,3,8,173,0,5f1f428a46a7f03dda9b3493,2020-07-28T15:14:41.605Z,1.0,4
347,0.2812720848056537,0.2783576896311761,56.6,30.216551755618973,2,93,287.4,155.4060487883274,7,483,5.6,2.5768197453450252,2,9,173,2,5f1f428a46a7f03dda9b3493,2020-07-28T15:44:06.627Z,1.0,3
348,0.26242920075519194,0.2803165061645096,64.85714285714286,31.840802984439282,22,129,332.7142857142857,182.57109322571483,104,725,8.714285714285714,3.653346243584121,5,16,174,0,5f20334846a7f03dda9b89cb,2020-07-28T14:47:12.962Z,1.0,1
349,0.35993135993135994,0.3871693866066404,95.14285714285714,61.305857495555074,16,208,507.7142857142857,357.93842817913105,74,1203,11.142857142857142,4.389226141639205,4,19,174,1,5f20342e46a7f03dda9b8a00,2020-07-28T15:02:28.416Z,0.6666666666666666,3
350,0.22900351066702673,0.225440313111546,75.57142857142857,30.53736419936891,29,121,365.0,145.5943483989481,143,556,13.714285714285714,12.623269733928298,5,43,175,1,5f20302846a7f03dda9b8687,2020-07-28T14:57:52.254Z,0.8,5
351,0.31746031746031744,0.3243012131901021,74.57142857142857,42.961301998283936,24,132,381.85714285714283,222.65760297655524,108,690,14.571428571428571,10.965623464225994,5,40,175,3,5f1b603446a7f03dda9ad382,2020-07-28T15:27:53.202Z,1.0,5
352,0.36341463414634145,0.4186384391863844,34.166666666666664,23.19063508305789,7,72,133.83333333333334,107.25113312014729,21,344,18.333333333333332,10.561986345169906,6,37,176,0,5f2096e4b0aafc741f6865be,2020-07-28T21:56:19.442Z,,0
353,0.32608695652173914,0.3637110016420361,30.666666666666668,22.125902367034787,13,79,135.33333333333334,103.99465798246028,54,359,14.666666666666666,10.703062905334884,5,38,176,3,5f2096e4b0aafc741f6865be,2020-07-28T22:41:13.422Z,,0
354,0.14603481624758222,0.1651646013268244,86.16666666666667,24.148268859048446,53,133,443.8333333333333,140.37261920411055,234,708,9.0,4.08248290463863,6,18,177,2,5f2096dab0aafc741f6865bb,2020-07-28T22:15:09.514Z,1.0,3
355,0.2234375,0.22561467150342604,106.66666666666667,44.458470009161985,62,179,551.3333333333334,233.29356804011738,324,958,10.666666666666666,3.2998316455372216,6,17,177,3,5f1f4c3046a7f03dda9b4341,2020-07-28T22:30:10.619Z,0.6666666666666666,3
